Time (hr),Time (month),Q (Rejection) (W) (before time),Q (Rejection) (W/m) (before time),Tb (C),GHE ExFT (C)
204.09373264643273,0.2743195331269257,0,0,25.590753196164822,25.615687876604664
204.09373264643273,0.2743195331269257,-175980.410088889,-16.313970711013194,18.0589705573003,17.92941608286283
205.9062673535673,0.2767557356902786,0,0,18.0589705573003,17.92941608286283
205.9062673535673,0.2767557356902786,-11541.921867175564,-1.0699746363518297,18.017977426549056,16.042652190186534
731.3719284165902,0.9830267855061696,-11541.921867175564,-1.0699746363518297,18.017977426549056,16.042652190186534
731.3719284165902,0.9830267855061696,101654.6456,9.423724550472185,18.00323431619392,17.873679841756452
734.6280715834098,0.9874033220207121,101654.6456,9.423724550472185,18.00323431619392,17.873679841756452
734.6280715834098,0.9874033220207121,-11541.921867175564,-1.0699746363518297,18.372149874583368,19.51319157772375
744.0,1.0,-11541.921867175564,-1.0699746363518297,18.372149874583368,19.51319157772375
744.0,1.0,1042.187978999826,0.09661430017230468,18.151008108688238,18.02145363425077
1044.1246901505906,1.4466141222479028,1042.187978999826,0.09661430017230468,18.151008108688238,18.02145363425077
1044.1246901505906,1.4466141222479028,-180003.397231111,-16.686915031212482,18.27390566387116,18.285603899003767
1045.8753098494092,1.4492192110854303,-180003.397231111,-16.686915031212482,18.27390566387116,18.285603899003767
1045.8753098494092,1.4492192110854303,1042.187978999826,0.09661430017230468,18.261728664446814,16.24124665169322
1402.3851395048025,1.9797397909297656,1042.187978999826,0.09661430017230468,18.261728664446814,16.24124665169322
1402.3851395048025,1.9797397909297656,168583.588315556,15.628260672584558,18.292367429262097,18.304065664394702
1407.6148604951973,1.9875221138321388,168583.588315556,15.628260672584558,18.292367429262097,18.304065664394702
1407.6148604951973,1.9875221138321388,1042.187978999826,0.09661430017230468,19.247262739574424,21.139560957700315
1416.0,2.0,1042.187978999826,0.09661430017230468,19.247262739574424,21.139560957700315
1416.0,2.0,30089.359000868004,2.7893838933854984,18.65010712986686,18.661805364999466
1956.4376809081639,2.7263947324034463,30089.359000868004,2.7893838933854984,18.65010712986686,18.661805364999466
1956.4376809081639,2.7263947324034463,-44323.4887022222,-4.10893517143606,19.02239277964815,19.360136453221617
1957.5623190918363,2.7279063428653716,-44323.4887022222,-4.10893517143606,19.02239277964815,19.360136453221617
1957.5623190918363,2.7279063428653716,30089.359000868004,2.7893838933854984,19.173890055472267,18.676372713894846
2121.770060933697,2.9486156732979802,30089.359000868004,2.7893838933854984,19.173890055472267,18.676372713894846
2121.770060933697,2.9486156732979802,249857.189635556,23.162594470552886,19.04973746530591,19.387481138879377
2128.229939066303,2.9572983051966437,249857.189635556,23.162594470552886,19.04973746530591,19.387481138879377
2128.229939066303,2.9572983051966437,30089.359000868004,2.7893838933854984,20.533938455200783,23.338507508792798
2160.0,3.0,30089.359000868004,2.7893838933854984,20.533938455200783,23.338507508792798
2160.0,3.0,51543.218383189254,4.778228182500396,19.21515829739091,19.552901970964378
2292.499877110605,3.184027607098063,51543.218383189254,4.778228182500396,19.21515829739091,19.552901970964378
2292.499877110605,3.184027607098063,-45405.2141733333,-4.20921472893993,19.519972866228205,20.098529422518936
2293.500122889395,3.1854168373463816,-45405.2141733333,-4.20921472893993,19.519972866228205,20.098529422518936
2293.500122889395,3.1854168373463816,51543.218383189254,4.778228182500396,19.76953430049964,19.259874927767598
2554.0510476123436,3.5472931216838104,51543.218383189254,4.778228182500396,19.76953430049964,19.259874927767598
2554.0510476123436,3.5472931216838104,254221.01848,23.567135952870007,19.6150060770085,20.19356263329923
2559.948952387656,3.5554846560939666,254221.01848,23.567135952870007,19.6150060770085,20.19356263329923
2559.948952387656,3.5554846560939666,51543.218383189254,4.778228182500396,20.896855559163335,23.750407230986795
2880.0,4.0,51543.218383189254,4.778228182500396,20.896855559163335,23.750407230986795
2880.0,4.0,87736.40430367907,8.133457180699018,19.700025319136067,20.2785818754268
3108.5,4.307123655913978,87736.40430367907,8.133457180699018,19.700025319136067,20.2785818754268
3108.5,4.307123655913978,-300.107748488889,-0.02782098880507705,20.50227414765982,21.48708793165557
3109.5,4.308467741935484,-300.107748488889,-0.02782098880507705,20.50227414765982,21.48708793165557
3109.5,4.308467741935484,87736.40430367907,8.133457180699018,20.729212115673864,20.72584349976418
3585.7301110870985,4.948561977267605,87736.40430367907,8.133457180699018,20.729212115673864,20.72584349976418
3585.7301110870985,4.948561977267605,337116.7684,31.251848334090553,20.704475853598684,21.689289637594435
3592.269888912902,4.957352001227019,337116.7684,31.251848334090553,20.704475853598684,21.689289637594435
3592.269888912902,4.957352001227019,87736.40430367907,8.133457180699018,22.402800428050007,26.18683104762375
3624.0,5.0,87736.40430367907,8.133457180699018,22.402800428050007,26.18683104762375
3624.0,5.0,125928.6763855427,11.674008130749959,20.89843115532412,21.88324493931987
4256.854442096999,5.878964502912499,125928.6763855427,11.674008130749959,20.89843115532412,21.88324493931987
4256.854442096999,5.878964502912499,357063.188222222,33.100947950377034,21.81888692991354,23.232397060503907
4265.145557903002,5.890479941531947,357063.188222222,33.100947950377034,21.81888692991354,23.232397060503907
4265.145557903002,5.890479941531947,125928.6763855427,11.674008130749959,23.63555848716167,27.643481450377614
4344.0,6.0,125928.6763855427,11.674008130749959,23.63555848716167,27.643481450377614
4344.0,6.0,133125.5447775143,12.341181824107856,21.941254727163304,23.354764857753672
4472.497437483972,6.172711609521468,133125.5447775143,12.341181824107856,21.941254727163304,23.354764857753672
4472.497437483972,6.172711609521468,372182.726844444,34.5025795872301,22.066386111362274,23.560678845824633
4481.502562516029,6.184815272198963,372182.726844444,34.5025795872301,22.066386111362274,23.560678845824633
4481.502562516029,6.184815272198963,133125.5447775143,12.341181824107856,24.032303613791935,28.209938684097224
5088.0,7.0,133125.5447775143,12.341181824107856,24.032303613791935,28.209938684097224
5088.0,7.0,149899.84183191787,13.8962150843733,22.268594286434165,23.762887020896525
5241.594446769103,7.206444148883204,149899.84183191787,13.8962150843733,22.268594286434165,23.762887020896525
5241.594446769103,7.206444148883204,379231.087066667,35.155986078145396,22.638494001904178,24.32107299093924
5248.405553230896,7.215598861869483,379231.087066667,35.155986078145396,22.638494001904178,24.32107299093924
5248.405553230896,7.215598861869483,149899.84183191787,13.8962150843733,24.243820580556992,28.50057129683048
5832.0,8.0,149899.84183191787,13.8962150843733,24.243820580556992,28.50057129683048
5832.0,8.0,98469.31355477156,9.128433650397225,22.87092106614719,24.55350005518225
5985.482819311808,8.213170582377511,98469.31355477156,9.128433650397225,22.87092106614719,24.55350005518225
5985.482819311808,8.213170582377511,369814.712266667,34.283056741217905,21.890859176272457,22.99614652032278
5992.517180688192,8.2229405287336,369814.712266667,34.283056741217905,21.890859176272457,22.99614652032278
5992.517180688192,8.2229405287336,98469.31355477156,9.128433650397225,23.817105422806016,27.968160267771484
6552.0,9.0,98469.31355477156,9.128433650397225,23.817105422806016,27.968160267771484
6552.0,9.0,46957.130576187206,4.353082553371702,21.74037330855409,22.845660652604415
6777.98562083261,9.303744114022326,46957.130576187206,4.353082553371702,21.74037330855409,22.845660652604415
6777.98562083261,9.303744114022326,319939.870577778,29.659492640429807,20.63931109795602,21.166390248456132
6784.014379167389,9.311847283827136,319939.870577778,29.659492640429807,20.63931109795602,21.166390248456132
6784.014379167389,9.311847283827136,46957.130576187206,4.353082553371702,22.389504036951642,25.980729333856132
7164.495956610654,9.823247253508942,46957.130576187206,4.353082553371702,22.389504036951642,25.980729333856132
7164.495956610654,9.823247253508942,-44439.8379333333,-4.119721133053245,20.47886368559246,21.005942836092572
7165.5040433893455,9.824602208856646,-44439.8379333333,-4.119721133053245,20.47886368559246,21.005942836092572
7165.5040433893455,9.824602208856646,46957.130576187206,4.353082553371702,20.710063862593458,20.211240537171985
7296.0,10.0,46957.130576187206,4.353082553371702,20.710063862593458,20.211240537171985
7296.0,10.0,17778.844758592142,1.6481581814749693,20.443305108561972,20.970384259062083
7330.618101557013,10.048080696606963,17778.844758592142,1.6481581814749693,20.443305108561972,20.970384259062083
7330.618101557013,10.048080696606963,187066.70408,17.341707124249826,20.028737443214027,20.22829943257
7335.381898442988,10.054697081170817,187066.70408,17.341707124249826,20.028737443214027,20.22829943257
7335.381898442988,10.054697081170817,17778.844758592142,1.6481581814749693,20.89639535249044,22.996160782436526
7812.346621555175,10.7171480854933,17778.844758592142,1.6481581814749693,20.89639535249044,22.996160782436526
7812.346621555175,10.7171480854933,-111845.314275556,-10.368433511058685,19.675868819689523,19.875430809045497
7813.653378444826,10.718963025617814,-111845.314275556,-10.368433511058685,19.675868819689523,19.875430809045497
7813.653378444826,10.718963025617814,17778.844758592142,1.6481581814749693,19.850073423202318,18.594644641408884
8016.0,11.0,17778.844758592142,1.6481581814749693,19.850073423202318,18.594644641408884
8016.0,11.0,2221.4140782803906,0.20593249096188337,19.623006132184305,19.82256812154028
8290.80508855995,11.369361678171975,2221.4140782803906,0.20593249096188337,19.623006132184305,19.82256812154028
8290.80508855995,11.369361678171975,164354.865253333,15.23624394670441,19.23943162745289,19.264366307892733
8295.19491144005,11.375261977742003,164354.865253333,15.23624394670441,19.23943162745289,19.264366307892733
8295.19491144005,11.375261977742003,2221.4140782803906,0.20593249096188337,20.015814334011598,21.860646454188412
8436.309734012684,11.564932438189091,2221.4140782803906,0.20593249096188337,20.015814334011598,21.860646454188412
8436.309734012684,11.564932438189091,-149047.468048889,-13.817197192983315,19.217121311057426,19.242055991497267
8437.690265987316,11.566787991918435,-149047.468048889,-13.817197192983315,19.217121311057426,19.242055991497267
8437.690265987316,11.566787991918435,2221.4140782803906,0.20593249096188337,19.38239056953081,17.709379210458543
8760.0,12.0,2221.4140782803906,0.20593249096188337,19.38239056953081,17.709379210458543
8760.0,12.0,-11447.118422854222,-1.0611860410009022,19.14377996780736,19.168714648247203
9504.0,13.0,-11447.118422854222,-1.0611860410009022,19.14377996780736,19.168714648247203
9504.0,13.0,1874.4094228201557,0.17376400253238106,18.715838542892833,18.587348207560208
10176.0,14.0,1874.4094228201557,0.17376400253238106,18.715838542892833,18.587348207560208
10176.0,14.0,31885.038938347177,2.9558494101529176,18.982959651668942,19.003999313039785
10920.0,15.0,31885.038938347177,2.9558494101529176,18.982959651668942,19.003999313039785
10920.0,15.0,53068.77686182239,4.919652539483015,19.737798906235827,20.095698527253333
11640.0,16.0,53068.77686182239,4.919652539483015,19.737798906235827,20.095698527253333
11640.0,16.0,89810.13503386146,8.325698932935165,20.345723772475985,20.94140424705324
12384.0,17.0,89810.13503386146,8.325698932935165,20.345723772475985,20.94140424705324
12384.0,17.0,128590.29149453303,11.920748724831574,21.38392765822759,22.39201842312525
13104.0,18.0,128590.29149453303,11.920748724831574,21.38392765822759,22.39201842312525
13104.0,18.0,136019.0120909528,12.609415890506876,22.522015850000155,23.96540178035492
13848.0,19.0,136019.0120909528,12.609415890506876,22.522015850000155,23.96540178035492
13848.0,19.0,151999.30335935,14.090842167297623,22.92816632139042,24.454937324325606
14592.0,20.0,151999.30335935,14.090842167297623,22.92816632139042,24.454937324325606
14592.0,20.0,101120.34340739516,9.374192955923776,23.525666132748675,25.23181092286247
15312.0,21.0,101120.34340739516,9.374192955923776,23.525666132748675,25.23181092286247
15312.0,21.0,49045.31726095661,4.546664420792334,22.42224091700199,23.55728524461425
16056.0,22.0,49045.31726095661,4.546664420792334,22.42224091700199,23.55728524461425
16056.0,22.0,18663.658250516804,1.730183342029358,21.13693123888628,21.68744963387149
16776.0,23.0,18663.658250516804,1.730183342029358,21.13693123888628,21.68744963387149
16776.0,23.0,2897.3624721708693,0.2685951605994621,20.29958168067952,20.50907542561664
17520.0,24.0,2897.3624721708693,0.2685951605994621,20.29958168067952,20.50907542561664
17520.0,24.0,-11447.118422854222,-1.0611860410009022,19.79774501168059,19.830267002095763
18264.0,25.0,-11447.118422854222,-1.0611860410009022,19.79774501168059,19.830267002095763
18264.0,25.0,1874.4094228201557,0.17376400253238106,19.329951649829674,19.20146131449705
18936.0,26.0,1874.4094228201557,0.17376400253238106,19.329951649829674,19.20146131449705
18936.0,26.0,31885.038938347177,2.9558494101529176,19.568849437794164,19.589889099165006
19680.0,27.0,31885.038938347177,2.9558494101529176,19.568849437794164,19.589889099165006
19680.0,27.0,53068.77686182239,4.919652539483015,20.293248462337296,20.6511480833548
20400.0,28.0,53068.77686182239,4.919652539483015,20.293248462337296,20.6511480833548
20400.0,28.0,89810.13503386146,8.325698932935165,20.8754206377691,21.471101112346354
21144.0,29.0,89810.13503386146,8.325698932935165,20.8754206377691,21.471101112346354
21144.0,29.0,128590.29149453303,11.920748724831574,21.88709694246847,22.895187707366134
21864.0,30.0,128590.29149453303,11.920748724831574,21.88709694246847,22.895187707366134
21864.0,30.0,136019.0120909528,12.609415890506876,23.001918407289665,24.44530433764443
22608.0,31.0,136019.0120909528,12.609415890506876,23.001918407289665,24.44530433764443
22608.0,31.0,151999.30335935,14.090842167297623,23.395541736192353,24.922312739127538
23352.0,32.0,151999.30335935,14.090842167297623,23.395541736192353,24.922312739127538
23352.0,32.0,101120.34340739516,9.374192955923776,23.987592583416127,25.69373737352992
24072.0,33.0,101120.34340739516,9.374192955923776,23.987592583416127,25.69373737352992
24072.0,33.0,49045.31726095661,4.546664420792334,22.888695905276904,24.023740232889164
24816.0,34.0,49045.31726095661,4.546664420792334,22.888695905276904,24.023740232889164
24816.0,34.0,18663.658250516804,1.730183342029358,21.620116376552755,22.170634771537966
25536.0,35.0,18663.658250516804,1.730183342029358,21.620116376552755,22.170634771537966
25536.0,35.0,2897.3624721708693,0.2685951605994621,20.804349107710628,21.01384285264775
26280.0,36.0,2897.3624721708693,0.2685951605994621,20.804349107710628,21.01384285264775
26280.0,36.0,-11447.118422854222,-1.0611860410009022,20.32775186466747,20.360273855082642
27024.0,37.0,-11447.118422854222,-1.0611860410009022,20.32775186466747,20.360273855082642
27024.0,37.0,1874.4094228201557,0.17376400253238106,19.875600211711834,19.74710987637921
27696.0,38.0,1874.4094228201557,0.17376400253238106,19.875600211711834,19.74710987637921
27696.0,38.0,31885.038938347177,2.9558494101529176,20.114959967275553,20.135999628646395
28440.0,39.0,31885.038938347177,2.9558494101529176,20.114959967275553,20.135999628646395
28440.0,39.0,53068.77686182239,4.919652539483015,20.83042303058189,21.188322651599396
29160.0,40.0,53068.77686182239,4.919652539483015,20.83042303058189,21.188322651599396
29160.0,40.0,89810.13503386146,8.325698932935165,21.398762850053302,21.994443324630556
29904.0,41.0,89810.13503386146,8.325698932935165,21.398762850053302,21.994443324630556
29904.0,41.0,128590.29149453303,11.920748724831574,22.395199191523982,23.403289956421645
30624.0,42.0,128590.29149453303,11.920748724831574,22.395199191523982,23.403289956421645
30624.0,42.0,136019.0120909528,12.609415890506876,23.495927019989132,24.939312950343897
31368.0,43.0,136019.0120909528,12.609415890506876,23.495927019989132,24.939312950343897
31368.0,43.0,151999.30335935,14.090842167297623,23.874762635240028,25.401533638175213
32112.0,44.0,151999.30335935,14.090842167297623,23.874762635240028,25.401533638175213
32112.0,44.0,101120.34340739516,9.374192955923776,24.45238598878082,26.15853077889461
32832.0,45.0,101120.34340739516,9.374192955923776,24.45238598878082,26.15853077889461
32832.0,45.0,49045.31726095661,4.546664420792334,23.345064376237517,24.480108703849776
33576.0,46.0,49045.31726095661,4.546664420792334,23.345064376237517,24.480108703849776
33576.0,46.0,18663.658250516804,1.730183342029358,22.072035784404637,22.622554179389848
34296.0,47.0,18663.658250516804,1.730183342029358,22.072035784404637,22.622554179389848
34296.0,47.0,2897.3624721708693,0.2685951605994621,21.25570430512478,21.4651980500619
35040.0,48.0,2897.3624721708693,0.2685951605994621,21.25570430512478,21.4651980500619
35040.0,48.0,-11447.118422854222,-1.0611860410009022,20.785952754598043,20.818474745013216
35784.0,49.0,-11447.118422854222,-1.0611860410009022,20.785952754598043,20.818474745013216
35784.0,49.0,1874.4094228201557,0.17376400253238106,20.34455290828571,20.216062572953085
36456.0,50.0,1874.4094228201557,0.17376400253238106,20.34455290828571,20.216062572953085
36456.0,50.0,31885.038938347177,2.9558494101529176,20.594909849259757,20.6159495106306
37200.0,51.0,31885.038938347177,2.9558494101529176,20.594909849259757,20.6159495106306
37200.0,51.0,53068.77686182239,4.919652539483015,21.319770032758168,21.677669653775673
37920.0,52.0,53068.77686182239,4.919652539483015,21.319770032758168,21.677669653775673
37920.0,52.0,89810.13503386146,8.325698932935165,21.889041650775106,22.48472212535236
38664.0,53.0,89810.13503386146,8.325698932935165,21.889041650775106,22.48472212535236
38664.0,53.0,128590.29149453303,11.920748724831574,22.880091733691124,23.888182498588783
39384.0,54.0,128590.29149453303,11.920748724831574,22.880091733691124,23.888182498588783
39384.0,54.0,136019.0120909528,12.609415890506876,23.972328761419927,25.415714691774692
40128.0,55.0,136019.0120909528,12.609415890506876,23.972328761419927,25.415714691774692
40128.0,55.0,151999.30335935,14.090842167297623,24.341313241517277,25.86808424445246
40872.0,56.0,151999.30335935,14.090842167297623,24.341313241517277,25.86808424445246
40872.0,56.0,101120.34340739516,9.374192955923776,24.909356232592046,26.61550102270584
41592.0,57.0,101120.34340739516,9.374192955923776,24.909356232592046,26.61550102270584
41592.0,57.0,49045.31726095661,4.546664420792334,23.792414688709094,24.927459016321354
42336.0,58.0,49045.31726095661,4.546664420792334,23.792414688709094,24.927459016321354
42336.0,58.0,18663.658250516804,1.730183342029358,22.509391858973103,23.059910253958314
43056.0,59.0,18663.658250516804,1.730183342029358,22.509391858973103,23.059910253958314
43056.0,59.0,2897.3624721708693,0.2685951605994621,21.68720694757036,21.89670069250748
43800.0,60.0,2897.3624721708693,0.2685951605994621,21.68720694757036,21.89670069250748
43800.0,60.0,-11447.118422854222,-1.0611860410009022,21.21500785018005,21.247529840595224
44544.0,61.0,-11447.118422854222,-1.0611860410009022,21.21500785018005,21.247529840595224
44544.0,61.0,1874.4094228201557,0.17376400253238106,20.77495183474979,20.646461499417164
45216.0,62.0,1874.4094228201557,0.17376400253238106,20.77495183474979,20.646461499417164
45216.0,62.0,31885.038938347177,2.9558494101529176,21.031554597992,21.05259425936284
45960.0,63.0,31885.038938347177,2.9558494101529176,21.031554597992,21.05259425936284
45960.0,63.0,53068.77686182239,4.919652539483015,21.767137917153036,22.12503753817054
46680.0,64.0,53068.77686182239,4.919652539483015,21.767137917153036,22.12503753817054
46680.0,64.0,89810.13503386146,8.325698932935165,22.347810127573577,22.94349060215083
47424.0,65.0,89810.13503386146,8.325698932935165,22.347810127573577,22.94349060215083
47424.0,65.0,128590.29149453303,11.920748724831574,23.349273149104455,24.357363914002114
48144.0,66.0,128590.29149453303,11.920748724831574,23.349273149104455,24.357363914002114
48144.0,66.0,136019.0120909528,12.609415890506876,24.44442983938953,25.887815769744297
48888.0,67.0,136019.0120909528,12.609415890506876,24.44442983938953,25.887815769744297
48888.0,67.0,151999.30335935,14.090842167297623,24.810591435149664,26.33736243808485
49632.0,68.0,151999.30335935,14.090842167297623,24.810591435149664,26.33736243808485
49632.0,68.0,101120.34340739516,9.374192955923776,25.372485838702325,27.078630628816118
50352.0,69.0,101120.34340739516,9.374192955923776,25.372485838702325,27.078630628816118
50352.0,69.0,49045.31726095661,4.546664420792334,24.248414093220276,25.383458420832536
51096.0,70.0,49045.31726095661,4.546664420792334,24.248414093220276,25.383458420832536
51096.0,70.0,18663.658250516804,1.730183342029358,22.95803872759143,23.50855712257664
51816.0,71.0,18663.658250516804,1.730183342029358,22.95803872759143,23.50855712257664
51816.0,71.0,2897.3624721708693,0.2685951605994621,22.129043300628577,22.338537045565698
52560.0,72.0,2897.3624721708693,0.2685951605994621,22.129043300628577,22.338537045565698
52560.0,72.0,-11447.118422854222,-1.0611860410009022,21.64995430646021,21.682476296875382
53304.0,73.0,-11447.118422854222,-1.0611860410009022,21.64995430646021,21.682476296875382
53304.0,73.0,1874.4094228201557,0.17376400253238106,21.20326347220694,21.074773136874317
53976.0,74.0,1874.4094228201557,0.17376400253238106,21.20326347220694,21.074773136874317
53976.0,74.0,31885.038938347177,2.9558494101529176,21.45399464705622,21.475034308427063
54720.0,75.0,31885.038938347177,2.9558494101529176,21.45399464705622,21.475034308427063
54720.0,75.0,53068.77686182239,4.919652539483015,22.18289834719385,22.540797968211354
55440.0,76.0,53068.77686182239,4.919652539483015,22.18289834719385,22.540797968211354
55440.0,76.0,89810.13503386146,8.325698932935165,22.757706555581585,23.35338703015884
56184.0,77.0,89810.13503386146,8.325698932935165,22.757706555581585,23.35338703015884
56184.0,77.0,128590.29149453303,11.920748724831574,23.75319320623618,24.761283971133842
56904.0,78.0,128590.29149453303,11.920748724831574,23.75319320623618,24.761283971133842
56904.0,78.0,136019.0120909528,12.609415890506876,24.842780124554345,26.28616605490911
57648.0,79.0,136019.0120909528,12.609415890506876,24.842780124554345,26.28616605490911
57648.0,79.0,151999.30335935,14.090842167297623,25.20341976264192,26.730190765577106
58392.0,80.0,151999.30335935,14.090842167297623,25.20341976264192,26.730190765577106
58392.0,80.0,101120.34340739516,9.374192955923776,25.759864551847965,27.466009341961758
59112.0,81.0,101120.34340739516,9.374192955923776,25.759864551847965,27.466009341961758
59112.0,81.0,49045.31726095661,4.546664420792334,24.63074607337876,25.76579040099102
59856.0,82.0,49045.31726095661,4.546664420792334,24.63074607337876,25.76579040099102
59856.0,82.0,18663.658250516804,1.730183342029358,23.335199993438028,23.88571838842324
60576.0,83.0,18663.658250516804,1.730183342029358,23.335199993438028,23.88571838842324
60576.0,83.0,2897.3624721708693,0.2685951605994621,22.501332173801252,22.710825918738372
61320.0,84.0,2897.3624721708693,0.2685951605994621,22.501332173801252,22.710825918738372
61320.0,84.0,-11447.118422854222,-1.0611860410009022,22.017338962528218,22.04986095294339
62064.0,85.0,-11447.118422854222,-1.0611860410009022,22.017338962528218,22.04986095294339
62064.0,85.0,1874.4094228201557,0.17376400253238106,21.565743489636663,21.437253154304038
62736.0,86.0,1874.4094228201557,0.17376400253238106,21.565743489636663,21.437253154304038
62736.0,86.0,31885.038938347177,2.9558494101529176,21.81122264279834,21.832262304169184
63480.0,87.0,31885.038938347177,2.9558494101529176,21.81122264279834,21.832262304169184
63480.0,87.0,53068.77686182239,4.919652539483015,22.53609961617561,22.893999237193114
64200.0,88.0,53068.77686182239,4.919652539483015,22.53609961617561,22.893999237193114
64200.0,88.0,89810.13503386146,8.325698932935165,23.109959143823225,23.70563961840048
64944.0,89.0,89810.13503386146,8.325698932935165,23.109959143823225,23.70563961840048
64944.0,89.0,128590.29149453303,11.920748724831574,24.10692126179702,25.11501202669468
65664.0,90.0,128590.29149453303,11.920748724831574,24.10692126179702,25.11501202669468
65664.0,90.0,136019.0120909528,12.609415890506876,25.201537170269717,26.64492310062448
66408.0,91.0,136019.0120909528,12.609415890506876,25.201537170269717,26.64492310062448
66408.0,91.0,151999.30335935,14.090842167297623,25.571096683051856,27.09786768598704
67152.0,92.0,151999.30335935,14.090842167297623,25.571096683051856,27.09786768598704
67152.0,92.0,101120.34340739516,9.374192955923776,26.137282240875876,27.84342703098967
67872.0,93.0,101120.34340739516,9.374192955923776,26.137282240875876,27.84342703098967
67872.0,93.0,49045.31726095661,4.546664420792334,25.01854276962772,26.15358709723998
68616.0,94.0,49045.31726095661,4.546664420792334,25.01854276962772,26.15358709723998
68616.0,94.0,18663.658250516804,1.730183342029358,23.72825942083779,24.278777815823002
69336.0,95.0,18663.658250516804,1.730183342029358,23.72825942083779,24.278777815823002
69336.0,95.0,2897.3624721708693,0.2685951605994621,22.89476264274149,23.10425638767861
70080.0,96.0,2897.3624721708693,0.2685951605994621,22.89476264274149,23.10425638767861
70080.0,96.0,-11447.118422854222,-1.0611860410009022,22.407910184311874,22.440432174727047
70824.0,97.0,-11447.118422854222,-1.0611860410009022,22.407910184311874,22.440432174727047
70824.0,97.0,1874.4094228201557,0.17376400253238106,21.95218462078892,21.823694285456295
71496.0,98.0,1874.4094228201557,0.17376400253238106,21.95218462078892,21.823694285456295
71496.0,98.0,31885.038938347177,2.9558494101529176,22.193767837846732,22.214807499217574
72240.0,99.0,31885.038938347177,2.9558494101529176,22.193767837846732,22.214807499217574
72240.0,99.0,53068.77686182239,4.919652539483015,22.914441000373614,23.27234062139112
72960.0,100.0,53068.77686182239,4.919652539483015,22.914441000373614,23.27234062139112
72960.0,100.0,89810.13503386146,8.325698932935165,23.484293347262817,24.07997382184007
73704.0,101.0,89810.13503386146,8.325698932935165,23.484293347262817,24.07997382184007
73704.0,101.0,128590.29149453303,11.920748724831574,24.477222984063502,25.48531374896116
74424.0,102.0,128590.29149453303,11.920748724831574,24.477222984063502,25.48531374896116
74424.0,102.0,136019.0120909528,12.609415890506876,25.568004628675943,27.01139055903071
75168.0,103.0,136019.0120909528,12.609415890506876,25.568004628675943,27.01139055903071
75168.0,103.0,151999.30335935,14.090842167297623,25.9336984386968,27.460469441631986
75912.0,104.0,151999.30335935,14.090842167297623,25.9336984386968,27.460469441631986
75912.0,104.0,101120.34340739516,9.374192955923776,26.496081570324314,28.202226360438107
76632.0,105.0,101120.34340739516,9.374192955923776,26.496081570324314,28.202226360438107
76632.0,105.0,49045.31726095661,4.546664420792334,25.37374268565469,26.50878701326695
77376.0,106.0,49045.31726095661,4.546664420792334,25.37374268565469,26.50878701326695
77376.0,106.0,18663.658250516804,1.730183342029358,24.07982039508468,24.630338790069892
78096.0,107.0,18663.658250516804,1.730183342029358,24.07982039508468,24.630338790069892
78096.0,107.0,2897.3624721708693,0.2685951605994621,23.24274176826481,23.45223551320193
78840.0,108.0,2897.3624721708693,0.2685951605994621,23.24274176826481,23.45223551320193
78840.0,108.0,-11447.118422854222,-1.0611860410009022,22.752503306449164,22.785025296864337
79584.0,109.0,-11447.118422854222,-1.0611860410009022,22.752503306449164,22.785025296864337
79584.0,109.0,1874.4094228201557,0.17376400253238106,22.293341109865537,22.164850774532912
80256.0,110.0,1874.4094228201557,0.17376400253238106,22.293341109865537,22.164850774532912
80256.0,110.0,31885.038938347177,2.9558494101529176,22.531885048744243,22.552924710115086
81000.0,111.0,31885.038938347177,2.9558494101529176,22.531885048744243,22.552924710115086
81000.0,111.0,53068.77686182239,4.919652539483015,23.24925586553288,23.607155486550386
81720.0,112.0,53068.77686182239,4.919652539483015,23.24925586553288,23.607155486550386
81720.0,112.0,89810.13503386146,8.325698932935165,23.815973257452853,24.411653732030107
82464.0,113.0,89810.13503386146,8.325698932935165,23.815973257452853,24.411653732030107
82464.0,113.0,128590.29149453303,11.920748724831574,24.80572454334407,25.81381530824173
83184.0,114.0,128590.29149453303,11.920748724831574,24.80572454334407,25.81381530824173
83184.0,114.0,136019.0120909528,12.609415890506876,25.892593053472925,27.33597898382769
83928.0,115.0,136019.0120909528,12.609415890506876,25.892593053472925,27.33597898382769
83928.0,115.0,151999.30335935,14.090842167297623,26.25510380798564,27.781874810920826
84672.0,116.0,151999.30335935,14.090842167297623,26.25510380798564,27.781874810920826
84672.0,116.0,101120.34340739516,9.374192955923776,26.817105312050877,28.52325010216467
85392.0,117.0,101120.34340739516,9.374192955923776,26.817105312050877,28.52325010216467
85392.0,117.0,49045.31726095661,4.546664420792334,25.69663669188872,26.83168101950098
86136.0,118.0,49045.31726095661,4.546664420792334,25.69663669188872,26.83168101950098
86136.0,118.0,18663.658250516804,1.730183342029358,24.407547512120978,24.95806590710619
86856.0,119.0,18663.658250516804,1.730183342029358,24.407547512120978,24.95806590710619
86856.0,119.0,2897.3624721708693,0.2685951605994621,23.578984842325383,23.788478587262503
87600.0,120.0,2897.3624721708693,0.2685951605994621,23.578984842325383,23.788478587262503
87600.0,120.0,-11447.118422854222,-1.0611860410009022,23.09828224243381,23.130804232848984
88344.0,121.0,-11447.118422854222,-1.0611860410009022,23.09828224243381,23.130804232848984
88344.0,121.0,1874.4094228201557,0.17376400253238106,22.64998985037042,22.521499515037796
89016.0,122.0,1874.4094228201557,0.17376400253238106,22.64998985037042,22.521499515037796
89016.0,122.0,31885.038938347177,2.9558494101529176,22.894677024972196,22.91571668634304
89760.0,123.0,31885.038938347177,2.9558494101529176,22.894677024972196,22.91571668634304
89760.0,123.0,53068.77686182239,4.919652539483015,23.614222743264747,23.972122364282253
90480.0,124.0,53068.77686182239,4.919652539483015,23.614222743264747,23.972122364282253
90480.0,124.0,89810.13503386146,8.325698932935165,24.180002216264583,24.775682690841837
91224.0,125.0,89810.13503386146,8.325698932935165,24.180002216264583,24.775682690841837
91224.0,125.0,128590.29149453303,11.920748724831574,25.167129433193228,26.17522019809089
91944.0,126.0,128590.29149453303,11.920748724831574,25.167129433193228,26.17522019809089
91944.0,126.0,136019.0120909528,12.609415890506876,26.25109003765641,27.694475968011176
92688.0,127.0,136019.0120909528,12.609415890506876,26.25109003765641,27.694475968011176
92688.0,127.0,151999.30335935,14.090842167297623,26.610622695051447,28.13739369798663
93432.0,128.0,151999.30335935,14.090842167297623,26.610622695051447,28.13739369798663
93432.0,128.0,101120.34340739516,9.374192955923776,27.16969828421439,28.875843074328184
94152.0,129.0,101120.34340739516,9.374192955923776,27.16969828421439,28.875843074328184
94152.0,129.0,49045.31726095661,4.546664420792334,26.046213767769295,27.181258095381555
94896.0,130.0,49045.31726095661,4.546664420792334,26.046213767769295,27.181258095381555
94896.0,130.0,18663.658250516804,1.730183342029358,24.754435517509414,25.304953912494625
95616.0,131.0,18663.658250516804,1.730183342029358,24.754435517509414,25.304953912494625
95616.0,131.0,2897.3624721708693,0.2685951605994621,23.92291275888693,24.13240650382405
96360.0,132.0,2897.3624721708693,0.2685951605994621,23.92291275888693,24.13240650382405
96360.0,132.0,-11447.118422854222,-1.0611860410009022,23.439413342475156,23.47193533289033
97104.0,133.0,-11447.118422854222,-1.0611860410009022,23.439413342475156,23.47193533289033
97104.0,133.0,1874.4094228201557,0.17376400253238106,22.988378812751094,22.85988847741847
97776.0,134.0,1874.4094228201557,0.17376400253238106,22.988378812751094,22.85988847741847
97776.0,134.0,31885.038938347177,2.9558494101529176,23.230598999723647,23.25163866109449
98520.0,135.0,31885.038938347177,2.9558494101529176,23.230598999723647,23.25163866109449
98520.0,135.0,53068.77686182239,4.919652539483015,23.947486444468876,24.30538606548638
99240.0,136.0,53068.77686182239,4.919652539483015,23.947486444468876,24.30538606548638
99240.0,136.0,89810.13503386146,8.325698932935165,24.510743785988993,25.106424260566246
99984.0,137.0,89810.13503386146,8.325698932935165,24.510743785988993,25.106424260566246
99984.0,137.0,128590.29149453303,11.920748724831574,25.49528867391276,26.50337943881042
100704.0,138.0,128590.29149453303,11.920748724831574,25.49528867391276,26.50337943881042
100704.0,138.0,136019.0120909528,12.609415890506876,26.576795763262737,28.020181693617502
101448.0,139.0,136019.0120909528,12.609415890506876,26.576795763262737,28.020181693617502
101448.0,139.0,151999.30335935,14.090842167297623,26.933820770642306,28.46059177357749
102192.0,140.0,151999.30335935,14.090842167297623,26.933820770642306,28.46059177357749
102192.0,140.0,101120.34340739516,9.374192955923776,27.4904270356808,29.196571825794592
102912.0,141.0,101120.34340739516,9.374192955923776,27.4904270356808,29.196571825794592
102912.0,141.0,49045.31726095661,4.546664420792334,26.36458852041445,27.49963284802671
103656.0,142.0,49045.31726095661,4.546664420792334,26.36458852041445,27.49963284802671
103656.0,142.0,18663.658250516804,1.730183342029358,25.07041383969841,25.62093223468362
104376.0,143.0,18663.658250516804,1.730183342029358,25.07041383969841,25.62093223468362
104376.0,143.0,2897.3624721708693,0.2685951605994621,24.236606062153044,24.446099807090164
105120.0,144.0,2897.3624721708693,0.2685951605994621,24.236606062153044,24.446099807090164
105120.0,144.0,-11447.118422854222,-1.0611860410009022,23.750779927659938,23.78330191807511
105864.0,145.0,-11447.118422854222,-1.0611860410009022,23.750779927659938,23.78330191807511
105864.0,145.0,1874.4094228201557,0.17376400253238106,23.297452947281485,23.16896261194886
106536.0,146.0,1874.4094228201557,0.17376400253238106,23.297452947281485,23.16896261194886
106536.0,146.0,31885.038938347177,2.9558494101529176,23.537631361605552,23.558671022976394
107280.0,147.0,31885.038938347177,2.9558494101529176,23.537631361605552,23.558671022976394
107280.0,147.0,53068.77686182239,4.919652539483015,24.252289515963966,24.61018913698147
108000.0,148.0,53068.77686182239,4.919652539483015,24.252289515963966,24.61018913698147
108000.0,148.0,89810.13503386146,8.325698932935165,24.813420093066156,25.40910056764341
108744.0,149.0,89810.13503386146,8.325698932935165,24.813420093066156,25.40910056764341
108744.0,149.0,128590.29149453303,11.920748724831574,25.795798285968267,26.803889050865926
109464.0,150.0,128590.29149453303,11.920748724831574,25.795798285968267,26.803889050865926
109464.0,150.0,136019.0120909528,12.609415890506876,26.875237910962326,28.31862384131709
110208.0,151.0,136019.0120909528,12.609415890506876,26.875237910962326,28.31862384131709
110208.0,151.0,151999.30335935,14.090842167297623,27.230156218398232,28.756927221333417
110952.0,152.0,151999.30335935,14.090842167297623,27.230156218398232,28.756927221333417
110952.0,152.0,101120.34340739516,9.374192955923776,27.78468532219588,29.490830112309673
111672.0,153.0,101120.34340739516,9.374192955923776,27.78468532219588,29.490830112309673
111672.0,153.0,49045.31726095661,4.546664420792334,26.656864194358924,27.791908521971184
112416.0,154.0,49045.31726095661,4.546664420792334,26.656864194358924,27.791908521971184
112416.0,154.0,18663.658250516804,1.730183342029358,25.360668691370496,25.911187086355707
113136.0,155.0,18663.658250516804,1.730183342029358,25.360668691370496,25.911187086355707
113136.0,155.0,2897.3624721708693,0.2685951605994621,24.52493171339369,24.73442545833081
113880.0,156.0,2897.3624721708693,0.2685951605994621,24.52493171339369,24.73442545833081
113880.0,156.0,-11447.118422854222,-1.0611860410009022,24.037138833811706,24.06966082422688
114624.0,157.0,-11447.118422854222,-1.0611860410009022,24.037138833811706,24.06966082422688
114624.0,157.0,1874.4094228201557,0.17376400253238106,23.58187176200562,23.453381426672994
115296.0,158.0,1874.4094228201557,0.17376400253238106,23.58187176200562,23.453381426672994
115296.0,158.0,31885.038938347177,2.9558494101529176,23.82032029706415,23.841359958434992
116040.0,159.0,31885.038938347177,2.9558494101529176,23.82032029706415,23.841359958434992
116040.0,159.0,53068.77686182239,4.919652539483015,24.533087612847865,24.89098723386537
116760.0,160.0,53068.77686182239,4.919652539483015,24.533087612847865,24.89098723386537
116760.0,160.0,89810.13503386146,8.325698932935165,25.092412278748363,25.688092753325616
117504.0,161.0,89810.13503386146,8.325698932935165,25.092412278748363,25.688092753325616
117504.0,161.0,128590.29149453303,11.920748724831574,26.07294860906742,27.081039373965083
118224.0,162.0,128590.29149453303,11.920748724831574,26.07294860906742,27.081039373965083
118224.0,162.0,136019.0120909528,12.609415890506876,27.15062879798259,28.594014728337356
118968.0,163.0,136019.0120909528,12.609415890506876,27.15062879798259,28.594014728337356
118968.0,163.0,151999.30335935,14.090842167297623,27.50375234006421,29.030523342999395
119712.0,164.0,151999.30335935,14.090842167297623,27.50375234006421,29.030523342999395
119712.0,164.0,101120.34340739516,9.374192955923776,28.056509923808918,29.76265471392271
120432.0,165.0,101120.34340739516,9.374192955923776,28.056509923808918,29.76265471392271
120432.0,165.0,49045.31726095661,4.546664420792334,26.9269961315807,28.06204045919296
121176.0,166.0,49045.31726095661,4.546664420792334,26.9269961315807,28.06204045919296
121176.0,166.0,18663.658250516804,1.730183342029358,25.629073549794978,26.17959194478019
121896.0,167.0,18663.658250516804,1.730183342029358,25.629073549794978,26.17959194478019
121896.0,167.0,2897.3624721708693,0.2685951605994621,24.791686105687802,25.001179850624922
122640.0,168.0,2897.3624721708693,0.2685951605994621,24.791686105687802,25.001179850624922
122640.0,168.0,-11447.118422854222,-1.0611860410009022,24.30220893676306,24.33473092717823
123384.0,169.0,-11447.118422854222,-1.0611860410009022,24.30220893676306,24.33473092717823
123384.0,169.0,1874.4094228201557,0.17376400253238106,23.845278714161733,23.716788378829108
124056.0,170.0,1874.4094228201557,0.17376400253238106,23.845278714161733,23.716788378829108
124056.0,170.0,31885.038938347177,2.9558494101529176,24.08224288834707,24.103282549717914
124800.0,171.0,31885.038938347177,2.9558494101529176,24.08224288834707,24.103282549717914
124800.0,171.0,53068.77686182239,4.919652539483015,24.793386200216336,25.15128582123384
125520.0,172.0,53068.77686182239,4.919652539483015,24.793386200216336,25.15128582123384
125520.0,172.0,89810.13503386146,8.325698932935165,25.35115831217734,25.946838786754594
126264.0,173.0,89810.13503386146,8.325698932935165,25.35115831217734,25.946838786754594
126264.0,173.0,128590.29149453303,11.920748724831574,26.330109676750066,27.33820044164773
126984.0,174.0,128590.29149453303,11.920748724831574,26.330109676750066,27.33820044164773
126984.0,174.0,136019.0120909528,12.609415890506876,27.40627440932245,28.849660339677214
127728.0,175.0,136019.0120909528,12.609415890506876,27.40627440932245,28.849660339677214
127728.0,175.0,151999.30335935,14.090842167297623,27.757850632773497,29.28462163570868
128472.0,176.0,151999.30335935,14.090842167297623,27.757850632773497,29.28462163570868
128472.0,176.0,101120.34340739516,9.374192955923776,28.309079518016965,30.015224308130758
129192.0,177.0,101120.34340739516,9.374192955923776,28.309079518016965,30.015224308130758
129192.0,177.0,49045.31726095661,4.546664420792334,27.178103754203555,28.313148081815815
129936.0,178.0,49045.31726095661,4.546664420792334,27.178103754203555,28.313148081815815
129936.0,178.0,18663.658250516804,1.730183342029358,25.878688145378003,26.429206540363214
130656.0,179.0,18663.658250516804,1.730183342029358,25.878688145378003,26.429206540363214
130656.0,179.0,2897.3624721708693,0.2685951605994621,25.039872646164575,25.249366391101695
131400.0,180.0,2897.3624721708693,0.2685951605994621,25.039872646164575,25.249366391101695
131400.0,180.0,-11447.118422854222,-1.0611860410009022,24.548936887363944,24.581458877779117
132144.0,181.0,-11447.118422854222,-1.0611860410009022,24.548936887363944,24.581458877779117
132144.0,181.0,1874.4094228201557,0.17376400253238106,24.0905651208875,23.962074785554876
132816.0,182.0,1874.4094228201557,0.17376400253238106,24.0905651208875,23.962074785554876
132816.0,182.0,31885.038938347177,2.9558494101529176,24.32624165956882,24.34728132093966
133560.0,183.0,31885.038938347177,2.9558494101529176,24.32624165956882,24.34728132093966
133560.0,183.0,53068.77686182239,4.919652539483015,25.035975054818195,25.3938746758357
134280.0,184.0,53068.77686182239,4.919652539483015,25.035975054818195,25.3938746758357
134280.0,184.0,89810.13503386146,8.325698932935165,25.59239816087127,26.188078635448523
135024.0,185.0,89810.13503386146,8.325698932935165,25.59239816087127,26.188078635448523
135024.0,185.0,128590.29149453303,11.920748724831574,26.56997122611886,27.57806199101652
135744.0,186.0,128590.29149453303,11.920748724831574,26.56997122611886,27.57806199101652
135744.0,186.0,136019.0120909528,12.609415890506876,27.644817035441022,29.088202965795787
136488.0,187.0,136019.0120909528,12.609415890506876,27.644817035441022,29.088202965795787
136488.0,187.0,151999.30335935,14.090842167297623,27.99504552502691,29.521816527962095
137232.0,188.0,151999.30335935,14.090842167297623,27.99504552502691,29.521816527962095
137232.0,188.0,101120.34340739516,9.374192955923776,28.54494182146367,30.251086611577463
137952.0,189.0,101120.34340739516,9.374192955923776,28.54494182146367,30.251086611577463
137952.0,189.0,49045.31726095661,4.546664420792334,27.41269063651375,28.54773496412601
138696.0,190.0,49045.31726095661,4.546664420792334,27.41269063651375,28.54773496412601
138696.0,190.0,18663.658250516804,1.730183342029358,26.111971504446124,26.662489899431336
139416.0,191.0,18663.658250516804,1.730183342029358,26.111971504446124,26.662489899431336
139416.0,191.0,2897.3624721708693,0.2685951605994621,25.27190825183163,25.48140199676875
140160.0,192.0,2897.3624721708693,0.2685951605994621,25.27190825183163,25.48140199676875
140160.0,192.0,-11447.118422854222,-1.0611860410009022,24.779697094585764,24.812219085000937
140904.0,193.0,-11447.118422854222,-1.0611860410009022,24.779697094585764,24.812219085000937
140904.0,193.0,1874.4094228201557,0.17376400253238106,24.320063875018988,24.191573539686363
141576.0,194.0,1874.4094228201557,0.17376400253238106,24.320063875018988,24.191573539686363
141576.0,194.0,31885.038938347177,2.9558494101529176,24.55461283371337,24.575652495084213
142320.0,195.0,31885.038938347177,2.9558494101529176,24.55461283371337,24.575652495084213
142320.0,195.0,53068.77686182239,4.919652539483015,25.263110692606276,25.62101031362378
143040.0,196.0,53068.77686182239,4.919652539483015,25.263110692606276,25.62101031362378
143040.0,196.0,89810.13503386146,8.325698932935165,25.818350782325325,26.41403125690258
143784.0,197.0,89810.13503386146,8.325698932935165,25.818350782325325,26.41403125690258
143784.0,197.0,128590.29149453303,11.920748724831574,26.794714275566633,27.802805040464293
144504.0,198.0,128590.29149453303,11.920748724831574,26.794714275566633,27.802805040464293
144504.0,198.0,136019.0120909528,12.609415890506876,27.868401799242775,29.31178772959754
145248.0,199.0,136019.0120909528,12.609415890506876,27.868401799242775,29.31178772959754
145248.0,199.0,151999.30335935,14.090842167297623,28.217445871165705,29.74421687410089
145992.0,200.0,151999.30335935,14.090842167297623,28.217445871165705,29.74421687410089
145992.0,200.0,101120.34340739516,9.374192955923776,28.76617023362842,30.472315023742212
146712.0,201.0,101120.34340739516,9.374192955923776,28.76617023362842,30.472315023742212
146712.0,201.0,49045.31726095661,4.546664420792334,27.63279662018917,28.767840947801428
147456.0,202.0,49045.31726095661,4.546664420792334,27.63279662018917,28.767840947801428
147456.0,202.0,18663.658250516804,1.730183342029358,26.330929549369863,26.881447944355074
148176.0,203.0,18663.658250516804,1.730183342029358,26.330929549369863,26.881447944355074
148176.0,203.0,2897.3624721708693,0.2685951605994621,25.489766732791956,25.699260477729077
148920.0,204.0,2897.3624721708693,0.2685951605994621,25.489766732791956,25.699260477729077
148920.0,204.0,-11447.118422854222,-1.0611860410009022,24.99643090247565,25.028952892890825
149664.0,205.0,-11447.118422854222,-1.0611860410009022,24.99643090247565,25.028952892890825
149664.0,205.0,1874.4094228201557,0.17376400253238106,24.535684563238668,24.407194227906043
150336.0,206.0,1874.4094228201557,0.17376400253238106,24.535684563238668,24.407194227906043
150336.0,206.0,31885.038938347177,2.9558494101529176,24.769237906504813,24.790277567875656
151080.0,207.0,31885.038938347177,2.9558494101529176,24.769237906504813,24.790277567875656
151080.0,207.0,53068.77686182239,4.919652539483015,25.47664414808458,25.834543769102087
151800.0,208.0,53068.77686182239,4.919652539483015,25.47664414808458,25.834543769102087
151800.0,208.0,89810.13503386146,8.325698932935165,26.030838355812286,26.62651883038954
152544.0,209.0,89810.13503386146,8.325698932935165,26.030838355812286,26.62651883038954
152544.0,209.0,128590.29149453303,11.920748724831574,27.006131814401403,28.014222579299066
153264.0,210.0,128590.29149453303,11.920748724831574,27.006131814401403,28.014222579299066
153264.0,210.0,136019.0120909528,12.609415890506876,28.078794032762634,29.5221799631174
154008.0,211.0,136019.0120909528,12.609415890506876,28.078794032762634,29.5221799631174
154008.0,211.0,151999.30335935,14.090842167297623,28.42678901883659,29.953560021771775
154752.0,212.0,151999.30335935,14.090842167297623,28.42678901883659,29.953560021771775
154752.0,212.0,101120.34340739516,9.374192955923776,28.974474706573467,30.68061949668726
155472.0,213.0,101120.34340739516,9.374192955923776,28.974474706573467,30.68061949668726
155472.0,213.0,49045.31726095661,4.546664420792334,27.840105691531697,28.975150019143957
156216.0,214.0,49045.31726095661,4.546664420792334,27.840105691531697,28.975150019143957
156216.0,214.0,18663.658250516804,1.730183342029358,26.53721998492192,27.08773837990713
156936.0,215.0,18663.658250516804,1.730183342029358,26.53721998492192,27.08773837990713
156936.0,215.0,2897.3624721708693,0.2685951605994621,25.69508087860897,25.90457462354609
157680.0,216.0,2897.3624721708693,0.2685951605994621,25.69508087860897,25.90457462354609
157680.0,216.0,-11447.118422854222,-1.0611860410009022,25.200745877025877,25.23326786744105
158424.0,217.0,-11447.118422854222,-1.0611860410009022,25.200745877025877,25.23326786744105
158424.0,217.0,1874.4094228201557,0.17376400253238106,24.73901004520611,24.610519709873486
159096.0,218.0,1874.4094228201557,0.17376400253238106,24.73901004520611,24.610519709873486
159096.0,218.0,31885.038938347177,2.9558494101529176,24.97167785579511,24.992717517165953
159840.0,219.0,31885.038938347177,2.9558494101529176,24.97167785579511,24.992717517165953
159840.0,219.0,53068.77686182239,4.919652539483015,25.678112641061325,26.03601226207883
160560.0,220.0,53068.77686182239,4.919652539483015,25.678112641061325,26.03601226207883
160560.0,220.0,89810.13503386146,8.325698932935165,26.231375566649337,26.82705604122659
161304.0,221.0,89810.13503386146,8.325698932935165,26.231375566649337,26.82705604122659
161304.0,221.0,128590.29149453303,11.920748724831574,27.205715702949504,28.213806467847164
162024.0,222.0,128590.29149453303,11.920748724831574,27.205715702949504,28.213806467847164
162024.0,222.0,136019.0120909528,12.609415890506876,28.27746394249786,29.720849872852625
162768.0,223.0,136019.0120909528,12.609415890506876,28.27746394249786,29.720849872852625
162768.0,223.0,151999.30335935,14.090842167297623,28.62452323721093,30.151294240146115
163512.0,224.0,151999.30335935,14.090842167297623,28.62452323721093,30.151294240146115
163512.0,224.0,101120.34340739516,9.374192955923776,29.171282006707088,30.87742679682088
164232.0,225.0,101120.34340739516,9.374192955923776,29.171282006707088,30.87742679682088
164232.0,225.0,49045.31726095661,4.546664420792334,28.036024211491394,29.171068539103654
164976.0,226.0,49045.31726095661,4.546664420792334,28.036024211491394,29.171068539103654
164976.0,226.0,18663.658250516804,1.730183342029358,26.73222849340983,27.282746888395042
165696.0,227.0,18663.658250516804,1.730183342029358,26.73222849340983,27.282746888395042
165696.0,227.0,2897.3624721708693,0.2685951605994621,25.888862145098983,26.098355890036103
166440.0,228.0,2897.3624721708693,0.2685951605994621,25.888862145098983,26.098355890036103
166440.0,228.0,-11541.921867175564,-1.0699746363518297,25.393543153069686,25.42606514348486
166644.09373264643,228.2743195331269,-11541.921867175564,-1.0699746363518297,25.393543153069686,25.42606514348486
166644.09373264643,228.2743195331269,-175980.410088889,-16.313970711013194,25.061385625991097,24.931831151553627
166645.90626735357,228.27675573569027,-175980.410088889,-16.313970711013194,25.061385625991097,24.931831151553627
166645.90626735357,228.27675573569027,-11541.921867175564,-1.0699746363518297,25.0200426502847,23.04471741392218
167171.3719284166,228.98302678550618,-11541.921867175564,-1.0699746363518297,25.0200426502847,23.04471741392218
167171.3719284166,228.98302678550618,101654.6456,9.423724550472185,24.929562314512445,24.800007840074976
167174.62807158343,228.98740332202073,101654.6456,9.423724550472185,24.929562314512445,24.800007840074976
167174.62807158343,228.98740332202073,-11541.921867175564,-1.0699746363518297,25.29812673790443,26.43916844104481
167184.0,229.0,-11541.921867175564,-1.0699746363518297,25.29812673790443,26.43916844104481
167184.0,229.0,1042.187978999826,0.09661430017230468,25.07597987672615,24.946425402288682
167484.12469015058,229.4466141222479,1042.187978999826,0.09661430017230468,25.07597987672615,24.946425402288682
167484.12469015058,229.4466141222479,-180003.397231111,-16.686915031212482,25.16106675303439,25.172764988166996
167485.8753098494,229.4492192110854,-180003.397231111,-16.686915031212482,25.16106675303439,25.172764988166996
167485.8753098494,229.4492192110854,1042.187978999826,0.09661430017230468,25.148679651184743,23.128197638431146
167842.3851395048,229.97973979092976,1042.187978999826,0.09661430017230468,25.148679651184743,23.128197638431146
167842.3851395048,229.97973979092976,168583.588315556,15.628260672584558,25.14299236124253,25.154690596375136
167847.6148604952,229.98752211383214,168583.588315556,15.628260672584558,25.14299236124253,25.154690596375136
167847.6148604952,229.98752211383214,1042.187978999826,0.09661430017230468,26.097416586857026,27.989714804982917
167856.0,230.0,1042.187978999826,0.09661430017230468,26.097416586857026,27.989714804982917
167856.0,230.0,30089.359000868004,2.7893838933854984,25.49952356023475,25.511221795367355
168396.43768090816,230.72639473240343,30089.359000868004,2.7893838933854984,25.49952356023475,25.511221795367355
168396.43768090816,230.72639473240343,-44323.4887022222,-4.10893517143606,25.81588716922765,26.153630842801117
168397.56231909184,230.72790634286537,-44323.4887022222,-4.10893517143606,25.81588716922765,26.153630842801117
168397.56231909184,230.72790634286537,30089.359000868004,2.7893838933854984,25.96726225264748,25.46974491107006
168561.7700609337,230.94861567329798,30089.359000868004,2.7893838933854984,25.96726225264748,25.46974491107006
168561.7700609337,230.94861567329798,249857.189635556,23.162594470552886,25.825960246856923,26.16370392043039
168568.22993906628,230.95729830519662,249857.189635556,23.162594470552886,25.825960246856923,26.16370392043039
168568.22993906628,230.95729830519662,30089.359000868004,2.7893838933854984,27.309526868719626,30.11409592231164
168600.0,231.0,30089.359000868004,2.7893838933854984,27.309526868719626,30.11409592231164
168600.0,231.0,51543.218383189254,4.778228182500396,25.987648256056236,26.325391929629703
168732.49987711062,231.18402760709807,51543.218383189254,4.778228182500396,25.987648256056236,26.325391929629703
168732.49987711062,231.18402760709807,-45405.2141733333,-4.20921472893993,26.27958698752281,26.85814354381354
168733.5001228894,231.1854168373464,-45405.2141733333,-4.20921472893993,26.27958698752281,26.85814354381354
168733.5001228894,231.1854168373464,51543.218383189254,4.778228182500396,26.52904448886722,26.01938511613518
168994.05104761233,231.5472931216838,51543.218383189254,4.778228182500396,26.52904448886722,26.01938511613518
168994.05104761233,231.5472931216838,254221.01848,23.567135952870007,26.351116977579384,26.929673533870115
168999.94895238764,231.55548465609394,254221.01848,23.567135952870007,26.351116977579384,26.929673533870115
168999.94895238764,231.55548465609394,51543.218383189254,4.778228182500396,27.632409102768495,30.485960774591952
169320.0,232.0,51543.218383189254,4.778228182500396,27.632409102768495,30.485960774591952
169320.0,232.0,87736.40430367907,8.133457180699018,26.40777427054022,26.98633082683095
169548.5,232.30712365591398,87736.40430367907,8.133457180699018,26.40777427054022,26.98633082683095
169548.5,232.30712365591398,-300.107748488889,-0.02782098880507705,27.194290627604254,28.179104411600004
169549.5,232.3084677419355,-300.107748488889,-0.02782098880507705,27.194290627604254,28.179104411600004
169549.5,232.3084677419355,87736.40430367907,8.133457180699018,27.42114867113085,27.41778005522117
170025.7301110871,232.9485619772676,87736.40430367907,8.133457180699018,27.42114867113085,27.41778005522117
170025.7301110871,232.9485619772676,337116.7684,31.251848334090553,27.35008147118444,28.33489525518019
170032.26988891288,232.95735200122698,337116.7684,31.251848334090553,27.35008147118444,28.33489525518019
170032.26988891288,232.95735200122698,87736.40430367907,8.133457180699018,29.047789403178584,32.83182002275233
170064.0,233.0,87736.40430367907,8.133457180699018,29.047789403178584,32.83182002275233
170064.0,233.0,125928.6763855427,11.674008130749959,27.540440764258985,28.525254548254736
170696.85444209698,233.87896450291248,125928.6763855427,11.674008130749959,27.540440764258985,28.525254548254736
170696.85444209698,233.87896450291248,357063.188222222,33.100947950377034,28.398586625523638,29.812096756114006
170705.145557903,233.89047994153194,357063.188222222,33.100947950377034,28.398586625523638,29.812096756114006
170705.145557903,233.89047994153194,125928.6763855427,11.674008130749959,30.214379952964908,34.22230291618085
170784.0,234.0,125928.6763855427,11.674008130749959,30.214379952964908,34.22230291618085
170784.0,234.0,133125.5447775143,12.341181824107856,28.512090110852917,29.925600241443284
170912.49743748398,234.17271160952149,133125.5447775143,12.341181824107856,28.512090110852917,29.925600241443284
170912.49743748398,234.17271160952149,372182.726844444,34.5025795872301,28.625184408400216,30.119477142862575
170921.50256251605,234.184815272199,372182.726844444,34.5025795872301,28.625184408400216,30.119477142862575
170921.50256251605,234.184815272199,133125.5447775143,12.341181824107856,30.59042879693562,34.76806386724091
171528.0,235.0,133125.5447775143,12.341181824107856,30.59042879693562,34.76806386724091
171528.0,235.0,149899.84183191787,13.8962150843733,28.778911651335097,30.273204385797456
171681.5944467691,235.2064441488832,149899.84183191787,13.8962150843733,28.778911651335097,30.273204385797456
171681.5944467691,235.2064441488832,379231.087066667,35.155986078145396,29.138271427357132,30.820850416392194
171688.4055532309,235.2155988618695,379231.087066667,35.155986078145396,29.138271427357132,30.820850416392194
171688.4055532309,235.2155988618695,149899.84183191787,13.8962150843733,30.743257214587263,35.000007930860754
172272.0,236.0,149899.84183191787,13.8962150843733,30.743257214587263,35.000007930860754
172272.0,236.0,98469.31355477156,9.128433650397225,29.341800140920217,31.02437912995528
172425.48281931182,236.21317058237753,98469.31355477156,9.128433650397225,29.341800140920217,31.02437912995528
172425.48281931182,236.21317058237753,369814.712266667,34.283056741217905,28.355574451903436,29.46086179595376
172432.51718068818,236.2229405287336,369814.712266667,34.283056741217905,28.355574451903436,29.46086179595376
172432.51718068818,236.2229405287336,98469.31355477156,9.128433650397225,30.28156952034757,34.43262436531303
172992.0,237.0,98469.31355477156,9.128433650397225,30.28156952034757,34.43262436531303
172992.0,237.0,46957.130576187206,4.353082553371702,28.19392421954868,29.299211563599002
173217.98562083262,237.30374411402235,46957.130576187206,4.353082553371702,28.19392421954868,29.299211563599002
173217.98562083262,237.30374411402235,319939.870577778,29.659492640429807,27.089961703050598,27.61704085355071
173224.0143791674,237.31184728382715,319939.870577778,29.659492640429807,27.089961703050598,27.61704085355071
173224.0143791674,237.31184728382715,46957.130576187206,4.353082553371702,28.840197475468795,32.43142277237329
173604.49595661066,237.82324725350895,46957.130576187206,4.353082553371702,28.840197475468795,32.43142277237329
173604.49595661066,237.82324725350895,-44439.8379333333,-4.119721133053245,26.934377719667612,27.461456870167723
173605.50404338934,237.82460220885665,-44439.8379333333,-4.119721133053245,26.934377719667612,27.461456870167723
173605.50404338934,237.82460220885665,46957.130576187206,4.353082553371702,27.1655940700575,26.66677074463603
173736.0,238.0,46957.130576187206,4.353082553371702,27.1655940700575,26.66677074463603
173736.0,238.0,17778.844758592142,1.6481581814749693,26.900387844590078,27.42746699509019
173770.61810155702,238.04808069660697,17778.844758592142,1.6481581814749693,26.900387844590078,27.42746699509019
173770.61810155702,238.04808069660697,187066.70408,17.341707124249826,26.486147796893153,26.685709786249127
173775.38189844298,238.05469708117081,187066.70408,17.341707124249826,26.486147796893153,26.685709786249127
173775.38189844298,238.05469708117081,17778.844758592142,1.6481581814749693,27.353851183420765,29.45361661336685
174252.3466215552,238.7171480854933,17778.844758592142,1.6481581814749693,27.353851183420765,29.45361661336685
174252.3466215552,238.7171480854933,-111845.314275556,-10.368433511058685,26.131421087962927,26.3309830773189
174253.65337844484,238.71896302561782,-111845.314275556,-10.368433511058685,26.131421087962927,26.3309830773189
174253.65337844484,238.71896302561782,17778.844758592142,1.6481581814749693,26.3056293495739,25.050200567780465
174456.0,239.0,17778.844758592142,1.6481581814749693,26.3056293495739,25.050200567780465
174456.0,239.0,2221.4140782803906,0.20593249096188337,26.079006648365585,26.27856863772156
174730.80508855995,239.36936167817197,2221.4140782803906,0.20593249096188337,26.079006648365585,26.27856863772156
174730.80508855995,239.36936167817197,164354.865253333,15.23624394670441,25.69097320618015,25.71590788661999
174735.19491144005,239.375261977742,164354.865253333,15.23624394670441,25.69097320618015,25.71590788661999
174735.19491144005,239.375261977742,2221.4140782803906,0.20593249096188337,26.467261820796626,28.31209394097344
174876.30973401267,239.56493243818906,2221.4140782803906,0.20593249096188337,26.467261820796626,28.31209394097344
174876.30973401267,239.56493243818906,-149047.468048889,-13.817197192983315,25.66649279585053,25.69142747629037
174877.6902659873,239.5667879919184,-149047.468048889,-13.817197192983315,25.66649279585053,25.69142747629037
174877.6902659873,239.5667879919184,2221.4140782803906,0.20593249096188337,25.83175107465932,24.158739715587053
175200.0,240.0,2221.4140782803906,0.20593249096188337,25.83175107465932,24.158739715587053
175200.0,240.0,0,0,25.590753196164822,25.615687876604664
