Hours,HPHtgLd_W
1,369.3
2,362.7
3,373.6
4,364.5
5,371.8
6,489.2
7,373.8
8,366.3
9,361.7
10,375
11,363.5
12,456.2
13,447.5
14,581.6
15,451.7
16,373.2
17,362.5
18,374.7
19,364.2
20,371.5
21,366
22,495.4
23,368.1
24,368.1
25,411
26,403.9
27,418.4
28,404.5
29,417.7
30,532
31,499.3
32,995.5
33,1674.3
34,1808.8
35,1851.9
36,2192.1
37,2610
38,2491.7
39,1655.9
40,1597
41,2063.4
42,1309.5
43,1099.1
44,840.3
45,918.7
46,538.7
47,419.6
48,405.9
49,416.1
50,406.9
51,416
52,407.5
53,415.4
54,531.5
55,501.7
56,997.4
57,1676.8
58,1812
59,1855.5
60,2191.6
61,2615.6
62,2496.3
63,1657.3
64,1604.1
65,2064.3
66,1315.9
67,1092.9
68,840.2
69,922.2
70,547.6
71,416.9
72,408.3
73,414.9
74,409.3
75,410.4
76,413.2
77,406.5
78,542
79,501.4
80,999.2
81,1678.8
82,1816
83,1858.8
84,2192.5
85,2620.9
86,2501.4
87,1661.8
88,1607.1
89,2066.2
90,1319.8
91,1094
92,842.1
93,921
94,549.7
95,409.9
96,415.3
97,405.3
98,419.3
99,405.9
100,418.9
101,406.4
102,542.7
103,499.7
104,1001.5
105,1678.9
106,1820.3
107,1863.2
108,2195.5
109,2625.1
110,2507.2
111,1664.6
112,1609.7
113,2066.5
114,1325.3
115,1095.8
116,843.5
117,922.3
118,550.7
119,407.3
120,418.7
121,406.5
122,419.4
123,407.1
124,418.4
125,407.6
126,542.8
127,493.8
128,1008.6
129,1680.6
130,1825.5
131,1866
132,2198.9
133,2629.5
134,2511.4
135,1667.3
136,1612.3
137,2068.8
138,1328.6
139,1097.5
140,844.6
141,923.6
142,551.1
143,407.9
144,419
145,407.1
146,419.1
147,407.7
148,418.5
149,408.2
150,543.3
151,493.6
152,669.8
153,839
154,1091.9
155,1020.7
156,1179.7
157,1055.4
158,1011.4
159,844.5
160,758.6
161,798.8
162,507
163,492.8
164,503.4
165,492.8
166,586.4
167,419.6
168,409.7
169,373.5
170,369.5
171,364.4
172,377.4
173,366.1
174,501.1
175,368.2
176,375.2
177,367.8
178,372.9
179,369.5
180,454
181,456.7
182,584.8
183,454.2
184,375.1
185,368.2
186,371.9
187,370.3
188,364.4
189,376.5
190,490.7
191,378.5
192,366.1
193,417.6
194,409.8
195,417.7
196,410.3
197,417.1
198,535.6
199,504.5
200,1006.2
201,1692.9
202,1829.6
203,1873.5
204,2214.5
205,2642.2
206,2521.8
207,1674.6
208,1615.8
209,2087.5
210,1324.2
211,1111.7
212,847.9
213,927.9
214,542.4
215,422
216,407.8
217,419.9
218,408.7
219,419.3
220,409.2
221,419.4
222,534.7
223,506.2
224,1007.4
225,1695.5
226,1832.2
227,1876
228,2220.8
229,2645.7
230,2525.8
231,1678.6
232,1618
233,2086.3
234,1329.6
235,1109.9
236,849
237,928.9
238,547
239,417.8
240,414.8
241,414.1
242,407.1
243,422.1
244,407.6
245,421.5
246,542.4
247,499
248,1008.4
249,1698
250,1834.6
251,1879.3
252,2223.9
253,2650.1
254,2530.8
255,1679.6
256,1623.8
257,2085.8
258,1336.3
259,1105.9
260,849.9
261,929.8
262,552.6
263,412
264,418.6
265,411.1
266,417.9
267,411.6
268,417.7
269,412.1
270,544.6
271,496.6
272,1009.5
273,1700.2
274,1840.2
275,1884.6
276,2221.7
277,2653.6
278,2534.3
279,1681.9
280,1626.2
281,2087.5
282,1339.5
283,1106.4
284,851.1
285,930.8
286,555.1
287,410.2
288,421.8
289,408.5
290,421.4
291,409
292,421.4
293,409.5
294,547.1
295,502.6
296,1013.2
297,1699.2
298,1842.4
299,1884.5
300,2223
301,2658.4
302,2536.5
303,1682.8
304,1628.5
305,2097.4
306,1333.7
307,1112.2
308,852.1
309,935.9
310,546.3
311,421.6
312,410.4
313,421
314,411.1
315,419.7
316,411.6
317,419.2
318,537.8
319,507.3
320,673.5
321,843.8
322,1105.1
323,1021.8
324,1188.4
325,1073.4
326,1022.4
327,851.6
328,763.7
329,804.8
330,502.6
331,505.8
332,495.4
333,507.6
334,588.6
335,415.4
336,417.6
337,371.4
338,365.2
339,380.5
340,366.8
341,377.9
342,494.4
343,380.6
344,368.3
345,376.3
346,370
347,366.2
348,464
349,457.3
350,585.8
351,465.4
352,370
353,376.1
354,370.1
355,365.5
356,380
357,367.2
358,504.9
359,369.2
360,378.2
361,368.9
362,377.4
363,370.6
364,370.4
365,375.9
366,499.3
367,376.7
368,366.6
369,378.7
370,368.2
371,377
372,453.9
373,463.4
374,580.6
375,467.7
376,368
377,379.2
378,368.3
379,376.9
380,370
381,367.8
382,504.1
383,370.6
384,377
385,409.2
386,422.8
387,410.3
388,422.4
389,410.8
390,548.8
391,503.3
392,1018.3
393,1707.5
394,1851.4
395,1893.1
396,2234.7
397,2671.6
398,2549.3
399,1691.5
400,1633.8
401,2109.8
402,1337.2
403,1122
404,855.4
405,936.4
406,546.2
407,425
408,410
409,422.4
410,410.7
411,422.8
412,411.2
413,421.5
414,538
415,510.1
416,1016.2
417,1712.3
418,1850.3
419,1894.5
420,2244
421,2673.6
422,2553.1
423,1693.8
424,1637.4
425,2102.8
426,1348.4
427,1114.3
428,856.4
429,936.8
430,556.8
431,412.7
432,422.2
433,411.6
434,422
435,412.1
436,421.5
437,412.5
438,548.9
439,497.7
440,1024
441,1710.9
442,1857
443,1897.9
444,2237.9
445,2677.8
446,2554.9
447,1694.6
448,1639
449,2113.7
450,1340.6
451,1122.2
452,858.5
453,938.2
454,547.6
455,424.3
456,411
457,423.5
458,411.7
459,421.9
460,412.1
461,422.3
462,539.2
463,510.3
464,1018.1
465,1715.6
466,1854
467,1898.3
468,2248.5
469,2679.1
470,2558.4
471,1697.1
472,1640.6
473,2107.9
474,1350.1
475,1116.3
476,857.8
477,938.4
478,557.9
479,413
480,423
481,411.9
482,422.7
483,412.3
484,422.3
485,412.7
486,549.8
487,498.2
488,679.8
489,851.5
490,1110.7
491,1036.1
492,1198.1
493,1072.1
494,1029.4
495,856.8
496,767.7
497,810.6
498,514
499,499.2
500,508.1
501,507.7
502,584
503,425.7
504,411.6
505,380
506,369.9
507,377.6
508,371.5
509,366.8
510,508.7
511,370.9
512,380.5
513,368.3
514,379.8
515,369.9
516,463.6
517,456.4
518,593.5
519,457.9
520,381.5
521,368.2
522,379.9
523,369.8
524,377
525,371.4
526,505.3
527,373.4
528,375.9
529,415.4
530,416.6
531,419
532,410.4
533,425.2
534,548.3
535,502.5
536,1020.2
537,1720.1
538,1858.7
539,1908.2
540,2250.3
541,2686.2
542,2565.3
543,1701.5
544,1645.2
545,2115.8
546,1351.2
547,1118.2
548,859.6
549,943
550,557.6
551,423.3
552,414.2
553,421.3
554,414.8
555,420.8
556,415.2
557,418.3
558,544.7
559,510
560,1021.6
561,1721.2
562,1860.7
563,1905
564,2255.1
565,2688.9
566,2566.9
567,1703.6
568,1645.8
569,2115.8
570,1354.2
571,1120.2
572,860.1
573,941.3
574,558.8
575,414.9
576,422.6
577,413.7
578,422.4
579,414.1
580,421.5
581,414.6
582,550.5
583,500.2
584,1026
585,1720.9
586,1865.3
587,1909.9
588,2249.5
589,2692.4
590,2568.7
591,1703.6
592,1646.3
593,2125.3
594,1346.5
595,1129.6
596,860.7
597,942.4
598,548.5
599,427.2
600,411.3
601,425.2
602,411.9
603,424.4
604,412.3
605,424
606,540
607,512.9
608,1022.4
609,1723.9
610,1862.8
611,1909.8
612,2257.6
613,2692.4
614,2571.1
615,1705.3
616,1648.7
617,2119.2
618,1355.5
619,1120.5
620,861.1
621,942.2
622,561.2
623,422.5
624,415.6
625,420.8
626,416.2
627,419.8
628,417.1
629,415
630,549.2
631,510
632,1023.7
633,1724.7
634,1864.4
635,1909.2
636,2259.3
637,2694.8
638,2572.5
639,1707.2
640,1649
641,2120.4
642,1356.7
643,1122.3
644,861.7
645,943
646,559.9
647,415.3
648,423.3
649,414.1
650,423
651,414.5
652,422.4
653,414.9
654,551.3
655,500.7
656,682.5
657,855.3
658,1114
659,1042
660,1204.6
661,1077.2
662,1033
663,860.7
664,772.3
665,814.1
666,515.7
667,500.3
668,510.9
669,509.4
670,586.3
671,427
672,412.9
673,380.8
674,370.8
675,378.5
676,372.4
677,368.4
678,510
679,371.9
680,380.9
681,369.1
682,380.9
683,370.7
684,465.1
685,457.5
686,595.8
687,460.4
688,380.9
689,368.9
690,381.2
691,370.5
692,378.6
693,372.1
694,507.3
695,374
696,378.5
697,416.1
698,420.5
699,417.3
700,417.6
701,420.2
702,550.3
703,503.5
704,1024.1
705,1727.7
706,1868.3
707,1917.2
708,2258.7
709,2698.6
710,2577.1
711,1708.9
712,1652.4
713,2128.5
714,1353.6
715,1128
716,864
717,947.5
718,551.3
719,426.8
720,413.3
721,424.1
722,413.8
723,423.6
724,414.2
725,423.6
726,542.4
727,512.7
728,1025.1
729,1728.4
730,1868
731,1912.7
732,2265.9
733,2700
734,2578.3
735,1709.9
736,1652.9
737,2124
738,1360.1
739,1123.5
740,863.1
741,944.5
742,561.9
743,423.4
744,416.4
745,417.9
746,419.9
747,414.3
748,423.6
749,412
750,554
751,511.1
752,1026
753,1728.8
754,1869
755,1913.9
756,2264.9
757,2701.8
758,2579.1
759,1711.1
760,1653.5
761,2125.2
762,1360.1
763,1124.8
764,863.5
765,945.1
766,560.6
767,415.4
768,424.9
769,413.8
770,424.2
771,414.2
772,423.5
773,414.6
774,552.6
775,500.5
776,1033.3
777,1726.7
778,1873.1
779,1915.7
780,2261
781,2703.7
782,2579.9
783,1711.8
784,1651.6
785,2132.1
786,1355.1
787,1130.5
788,863.7
789,945.5
790,559
791,418.4
792,421.6
793,416.8
794,421.3
795,417.2
796,420.9
797,417.7
798,551.1
799,503.6
800,1025.4
801,1730.2
802,1872.3
803,1920
804,2260.9
805,2703.2
806,2580.6
807,1711.4
808,1654.8
809,2133.3
810,1353.7
811,1133.1
812,864.8
813,946.1
814,550.8
815,427.8
816,412.8
817,425.4
818,413.2
819,424.9
820,413.6
821,424.9
822,541.9
823,514
824,682.4
825,857.2
826,1117.9
827,1035.7
828,1213.8
829,1082.3
830,1035.2
831,862.8
832,774.2
833,815.9
834,510.2
835,507.3
836,509.9
837,502.2
838,597.4
839,415
840,426.4
841,369.9
842,381.8
843,370.8
844,379.8
845,372.4
846,507.9
847,374.3
848,377.6
849,373.7
850,368.2
851,383
852,455.1
853,469.6
854,594.8
855,462
856,379.1
857,373.5
858,367.9
859,383.4
860,369.5
861,381.5
862,499
863,383.8
864,370.8
865,423
866,415.2
867,423.4
868,415.6
869,423
870,543.9
871,512.7
872,1026.7
873,1731
874,1871.1
875,1915.8
876,2269.4
877,2704.6
878,2582.6
879,1712.5
880,1655.4
881,2126.3
882,1363.4
883,1125.2
884,864.2
885,946
886,561.7
887,420
888,420.3
889,414.6
890,423.9
891,412.3
892,426.5
893,412.7
894,554.2
895,511.1
896,1027.2
897,1731.1
898,1871.5
899,1916.4
900,2267.6
901,2705.6
902,2582.6
903,1713.5
904,1655.3
905,2128.3
906,1361.7
907,1126.1
908,864.5
909,946.2
910,561.1
911,415.7
912,424.9
913,414.2
914,424.5
915,414.6
916,424.1
917,415
918,553
919,501.1
920,1034.8
921,1728.3
922,1875.2
923,1917.2
924,2263.7
925,2706.5
926,2582.6
927,1713.8
928,1653.3
929,2133.4
930,1357.5
931,1130.5
932,864.5
933,946.4
934,559.8
935,418.1
936,422.4
937,416.5
938,421.5
939,416.9
940,422.4
941,417.3
942,551.7
943,503.4
944,1026.1
945,1731.4
946,1874.8
947,1921.4
948,2261.3
949,2706.3
950,2582.6
951,1712.3
952,1655.2
953,2136.2
954,1353.1
955,1134.9
956,864.6
957,946.7
958,550.3
959,428.7
960,412.2
961,426.5
962,412.6
963,426.2
964,413
965,425.4
966,546.9
967,509
968,1026.4
969,1731.3
970,1870.9
971,1920
972,2266.1
973,2704.6
974,2582.7
975,1712.5
976,1655.8
977,2131.5
978,1357.9
979,1127.5
980,864.9
981,950.8
982,554.2
983,425.8
984,414.5
985,425
986,414.8
987,423.7
988,415.2
989,423.3
990,543.6
991,513.1
992,681.9
993,857.5
994,1118.9
995,1036.1
996,1208.6
997,1087.3
998,1035.9
999,863.1
1000,774.2
1001,815.9
1002,505.4
1003,513
1004,509.6
1005,503.8
1006,596.8
1007,416.6
1008,424.9
1009,371.4
1010,379.9
1011,372.3
1012,378.4
1013,373.9
1014,507.5
1015,375.8
1016,368.1
1017,383.2
1018,369.7
1019,380.6
1020,456.5
1021,468.2
1022,591.9
1023,465.8
1024,369.2
1025,383.6
1026,369.4
1027,382.6
1028,370.9
1029,379.4
1030,500.5
1031,381.9
1032,372.3
1033,421.3
1034,416.6
1035,419.3
1036,419.1
1037,415.1
1038,550.9
1039,511.3
1040,1026.6
1041,1730.3
1042,1870.5
1043,1915.3
1044,2267.8
1045,2703.9
1046,2581.6
1047,1711.8
1048,1654.8
1049,2126.9
1050,1361.3
1051,1125.3
1052,864.2
1053,945.6
1054,561.9
1055,414.8
1056,426.1
1057,413.3
1058,425
1059,413.7
1060,424.6
1061,414.1
1062,553
1063,504.4
1064,1031.6
1065,1727.3
1066,1872.8
1067,1915.1
1068,2263
1069,2704.1
1070,2580.5
1071,1712.9
1072,1652
1073,2130.6
1074,1357.9
1075,1128.2
1076,864
1077,945.7
1078,560.4
1079,417.3
1080,422.3
1081,415.8
1082,422.2
1083,416.2
1084,421.2
1085,416.6
1086,551.3
1087,502.6
1088,1026
1089,1729.3
1090,1873.2
1091,1919.2
1092,2258.3
1093,2703.7
1094,2579.7
1095,1710.5
1096,1653.1
1097,2134.1
1098,1351.5
1099,1133.9
1100,863.8
1101,945.8
1102,549.8
1103,428.5
1104,411.9
1105,426.2
1106,412.2
1107,425.8
1108,412.6
1109,425.1
1110,546.5
1111,508.5
1112,1025.1
1113,1729
1114,1868.4
1115,1917.1
1116,2263.2
1117,2700.7
1118,2579.1
1119,1710.2
1120,1653.6
1121,2127.9
1122,1356.9
1123,1124.7
1124,863.6
1125,949.4
1126,556
1127,426.1
1128,414.6
1129,423.2
1130,414.9
1131,422.8
1132,415.3
1133,422.4
1134,543.4
1135,511.9
1136,1025.2
1137,1727.6
1138,1867.8
1139,1913.3
1140,2265.5
1141,2699.9
1142,2578.1
1143,1709.6
1144,1652.7
1145,2123.7
1146,1360
1147,1123.6
1148,863.1
1149,944.5
1150,561.5
1151,413.8
1152,426
1153,412.1
1154,425
1155,412.5
1156,425.7
1157,412.9
1158,553.1
1159,509.7
1160,673.3
1161,856
1162,1123.1
1163,1036.4
1164,1204.2
1165,1078.6
1166,1042.1
1167,861.5
1168,769.2
1169,810.8
1170,515.2
1171,509.6
1172,501.3
1173,511.3
1174,594.1
1175,419.9
1176,420
1177,375.1
1178,368.4
1179,380.8
1180,370
1181,379.5
1182,499.2
1183,382.4
1184,371.4
1185,377.6
1186,373.1
1187,368.3
1188,467.7
1189,457.1
1190,595.3
1191,468.7
1192,372.6
1193,378
1194,372.8
1195,368.1
1196,381.3
1197,369.7
1198,508.8
1199,371.6
1200,380.3
1201,371
1202,378.5
1203,372.6
1204,372.1
1205,378.1
1206,503.4
1207,378.1
1208,368.4
1209,380.5
1210,370
1211,379.2
1212,456.7
1213,466.5
1214,584.8
1215,470.7
1216,369.8
1217,381
1218,369.9
1219,379.5
1220,371.4
1221,377
1222,500.9
1223,379.8
1224,372.9
1225,411.3
1226,425.3
1227,411.7
1228,425.2
1229,412.1
1230,552.5
1231,509.1
1232,1023.7
1233,1724.2
1234,1864.5
1235,1909
1236,2257.1
1237,2694.8
1238,2572
1239,1708.1
1240,1646.7
1241,2122.8
1242,1354.8
1243,1124
1244,861.8
1245,943
1246,558.9
1247,416.4
1248,421.5
1249,414.8
1250,422.3
1251,415.2
1252,420.6
1253,415.6
1254,549.9
1255,501.3
1256,1022.9
1257,1723.1
1258,1866.5
1259,1912.5
1260,2250.6
1261,2693.1
1262,2570.2
1263,1704.5
1264,1648.6
1265,2124.9
1266,1348.8
1267,1128.2
1268,862.7
1269,942.9
1270,549.6
1271,426.3
1272,412.3
1273,423.9
1274,412.6
1275,423.5
1276,413
1277,422.5
1278,540.7
1279,512.1
1280,1021.7
1281,1722.5
1282,1861.4
1283,1906.4
1284,2257.4
1285,2690.2
1286,2568.9
1287,1703.9
1288,1647.1
1289,2116.1
1290,1355.9
1291,1119.9
1292,860.6
1293,941.7
1294,559.1
1295,420.6
1296,417.4
1297,411.1
1298,424.8
1299,411
1300,424.3
1301,411.4
1302,552.7
1303,508.3
1304,1021.8
1305,1720.4
1306,1860.9
1307,1905
1308,2251.8
1309,2689
1310,2566.4
1311,1703.9
1312,1643.2
1313,2119.5
1314,1350.1
1315,1123.9
1316,860
1317,941.4
1318,557.2
1319,416.8
1320,420.4
1321,415
1322,420
1323,415.5
1324,419.6
1325,415.9
1326,548.6
1327,501.4
1328,679.9
1329,852.7
1330,1110.8
1331,1029.9
1332,1208.5
1333,1074.3
1334,1029
1335,858.2
1336,770.4
1337,811.7
1338,512.8
1339,499.8
1340,509.3
1341,498.2
1342,595.4
1343,424
1344,414.5
1345,374.3
1346,374.8
1347,367.7
1348,380.5
1349,369.3
1350,506.8
1351,371.3
1352,378.6
1353,370.7
1354,376.4
1355,372.4
1356,461.3
1357,458.9
1358,592.1
1359,458.4
1360,380.1
1361,370.7
1362,376.1
1363,372.3
1364,366.8
1365,381.5
1366,495.3
1367,383.9
1368,368.2
1369,422.4
1370,412
1371,421.9
1372,412.4
1373,422.8
1374,539.6
1375,510.4
1376,1018.9
1377,1716.8
1378,1855.4
1379,1899.7
1380,2250.1
1381,2681.2
1382,2560.3
1383,1698.3
1384,1641.8
1385,2109.5
1386,1351
1387,1117
1388,858.3
1389,939
1390,558.4
1391,413.1
1392,423.3
1393,411.5
1394,422.6
1395,411.9
1396,422.1
1397,412.3
1398,549.4
1399,498.9
1400,1026
1401,1711.4
1402,1856.9
1403,1899.9
1404,2240.4
1405,2679.8
1406,2556.9
1407,1696.2
1408,1638.9
1409,2115.8
1410,1341
1411,1125
1412,857.5
1413,938.8
1414,547.2
1415,425.8
1416,410.6
1417,423.1
1418,410.8
1419,422.5
1420,411.2
1421,422.2
1422,538.1
1423,510.5
1424,1016.9
1425,1713.7
1426,1851.8
1427,1896
1428,2245.9
1429,2675.8
1430,2555.2
1431,1695.1
1432,1638.7
1433,2105.3
1434,1348.7
1435,1114.9
1436,856.8
1437,937.4
1438,558
1439,412.5
1440,422.9
1441,410.9
1442,422.2
1443,411.3
1444,421.7
1445,411.8
1446,548.7
1447,498.4
1448,1024
1449,1710.9
1450,1850.1
1451,1896.2
1452,2235.5
1453,2674.2
1454,2551.5
1455,1692.5
1456,1636.6
1457,2110.5
1458,1338.8
1459,1121.8
1460,857.5
1461,937.2
1462,547.1
1463,424.4
1464,410.9
1465,421.8
1466,411.1
1467,421.4
1468,411.6
1469,420.8
1470,538.2
1471,509.1
1472,1015.1
1473,1710
1474,1848
1475,1892.1
1476,2240.8
1477,2670
1478,2549.7
1479,1691.5
1480,1635.3
1481,2101.1
1482,1345.3
1483,1113.5
1484,855.2
1485,935.7
1486,555.9
1487,413.4
1488,420.9
1489,411.8
1490,420.1
1491,412.2
1492,419.1
1493,412.7
1494,546.9
1495,497.6
1496,676.9
1497,847.7
1498,1103.5
1499,1027.7
1500,1196.9
1501,1067.1
1502,1022.4
1503,853.1
1504,766.1
1505,806.8
1506,511
1507,496.9
1508,507.4
1509,497.3
1510,590.8
1511,422.7
1512,412.4
1513,376.2
1514,370.6
1515,365.9
1516,379.3
1517,367.6
1518,504.5
1519,369.6
1520,377.5
1521,369.1
1522,374.5
1523,370.6
1524,459.5
1525,456.6
1526,588.9
1527,456.2
1528,378.7
1529,369.1
1530,375.2
1531,370.9
1532,365.4
1533,380.1
1534,492.9
1535,382.4
1536,366.9
1537,420
1538,410.3
1539,420.2
1540,410.8
1541,419.9
1542,537
1543,507.5
1544,1012.1
1545,1703.9
1546,1841.5
1547,1885.5
1548,2232.7
1549,2659.9
1550,2539.3
1551,1686.6
1552,1627.7
1553,2095.6
1554,1338.8
1555,1111.8
1556,852.6
1557,933.1
1558,553.3
1559,414.2
1560,418
1561,412.5
1562,417.6
1563,412.9
1564,416.9
1565,413.5
1566,544.3
1567,498
1568,1010.2
1569,1702
1570,1838.8
1571,1887.5
1572,2226.1
1573,2656.5
1574,2537.1
1575,1683.7
1576,1627.7
1577,2090.3
1578,1340.2
1579,1107.6
1580,851.7
1581,931.6
1582,554.9
1583,410.5
1584,421.7
1585,408.9
1586,420.7
1587,409.4
1588,420.2
1589,409.9
1590,546
1591,496.3
1592,1016.9
1593,1695.3
1594,1839.4
1595,1883.2
1596,2217.9
1597,2654.1
1598,2532.7
1599,1681.3
1600,1625.9
1601,2091.6
1602,1334.1
1603,1106.1
1604,850.4
1605,933.8
1606,552.1
1607,420.4
1608,411.4
1609,417.7
1610,411.4
1611,416.8
1612,412.2
1613,411.8
1614,541.8
1615,504.6
1616,1008.8
1617,1697.1
1618,1834.4
1619,1878.3
1620,2219.2
1621,2649.5
1622,2528.6
1623,1678.6
1624,1620.3
1625,2093.6
1626,1326.7
1627,1114.4
1628,850
1629,930
1630,543.6
1631,422.4
1632,408.8
1633,420.3
1634,408.9
1635,418.8
1636,409.3
1637,419.5
1638,534.7
1639,505.8
1640,1007.1
1641,1694.4
1642,1832.2
1643,1875.4
1644,2219.8
1645,2644.9
1646,2525
1647,1677.9
1648,1617.5
1649,2086.8
1650,1330.1
1651,1108.1
1652,848.9
1653,928.7
1654,545.1
1655,419.5
1656,409.4
1657,418.4
1658,406.8
1659,420.8
1660,407.4
1661,420.2
1662,539.1
1663,500.5
1664,670.7
1665,841
1666,1095
1667,1014.9
1668,1186.3
1669,1062.3
1670,1014.6
1671,846.4
1672,759.7
1673,800.5
1674,498
1675,504.7
1676,500.5
1677,497.2
1678,586.8
1679,411.7
1680,418.5
1681,367.6
1682,373.8
1683,368.6
1684,363.6
1685,502.9
1686,365.6
1687,378.3
1688,365.3
1689,376.2
1690,366.8
1691,458.3
1692,451.9
1693,586.1
1694,451.6
1695,379.3
1696,365.8
1697,375.3
1698,367.2
1699,373.1
1700,369.1
1701,497.1
1702,372.7
1703,364.2
1704,419.2
1705,407.2
1706,418.9
1707,407.7
1708,418.3
1709,532.6
1710,504.9
1711,1002.8
1712,1687.5
1713,1823.4
1714,1866.9
1715,2210.3
1716,2632.3
1717,2513
1718,1670.2
1719,1610.1
1720,2077.7
1721,1321.2
1722,1106.6
1723,845.5
1724,925.2
1725,540.2
1726,422.2
1727,406.2
1728,419.2
1729,406.6
1730,418.8
1731,406.9
1732,418.1
1733,531.5
1734,504.8
1735,1001.4
1736,1684.9
1737,1820.4
1738,1863.9
1739,2206.3
1740,2628.3
1741,2508.8
1742,1667.4
1743,1607.5
1744,2074.8
1745,1318.5
1746,1105.7
1747,844.3
1748,923.9
1749,539.5
1750,421.6
1751,406.3
1752,418.9
1753,406.3
1754,418.2
1755,406.9
1756,417.5
1757,531.3
1758,504
1759,999.9
1760,1681.5
1761,1818.1
1762,1860.9
1763,2202
1764,2623.4
1765,2504.4
1766,1664
1767,1604.9
1768,2073.1
1769,1315.4
1770,1104.8
1771,843.2
1772,922.5
1773,539.9
1774,420.2
1775,406.4
1776,418.8
1777,406.6
1778,417
1779,407.1
1780,416.4
1781,531.3
1782,502.5
1783,998.6
1784,1678.7
1785,1815
1786,1857.9
1787,2196.2
1788,2619.1
1789,2499.9
1790,1660.1
1791,1603.9
1792,2069.2
1793,1315.4
1794,1098.1
1795,841.4
1796,923.9
1797,542.7
1798,418.9
1799,407.7
1800,415.8
1801,407.9
1802,414.7
1803,408.5
1804,414
1805,532.4
1806,501.5
1807,997.3
1808,1676.1
1809,1811.4
1810,1854.8
1811,2189.2
1812,2614.9
1813,2495.3
1814,1658
1815,1603.9
1816,2061.6
1817,1317.4
1818,1091.8
1819,840.7
1820,919.2
1821,549.8
1822,415.4
1823,409.4
1824,411.2
1825,411.5
1826,404
1827,417.5
1828,404.6
1829,541.8
1830,498.9
1831,656.5
1832,832.9
1833,1086.6
1834,1010.3
1835,1169.2
1836,1047.1
1837,1003.5
1838,838.2
1839,753.3
1840,793
1841,504.6
1842,489.7
1843,500.5
1844,490.1
1845,582.3
1846,417.4
1847,407.7
1848,369.9
1849,368.7
1850,362.2
1851,374.9
1852,364
1853,497
1854,366.1
1855,371.5
1856,365.8
1857,369.6
1858,367.9
1859,444.2
1860,459.8
1861,579.1
1862,451.3
1863,372
1864,366.4
1865,361.3
1866,376
1867,363.1
1868,373.6
1869,487.7
1870,375.6
1871,364.9
1872,413
1873,407.3
1874,412.6
1875,407.9
1876,411.4
1877,531.7
1878,498.5
1879,992.5
1880,1666.2
1881,1802.4
1882,1844.8
1883,2174.5
1884,2600.3
1885,2483.4
1886,1649.6
1887,1595.2
1888,2046.6
1889,1314.2
1890,1086.9
1891,836.8
1892,915
1893,546.2
1894,406.5
1895,416.4
1896,405.1
1897,414
1898,405.3
1899,413.9
1900,405.9
1901,537.2
1902,488.8
1903,991.2
1904,1663.4
1905,1798.4
1906,1844.2
1907,2176
1908,2595.1
1909,2478.5
1910,1646.3
1911,1589.2
1912,2046.1
1913,1304.6
1914,1091.6
1915,835.4
1916,913.8
1917,534.5
1918,418.7
1919,403.1
1920,416.3
1921,403.3
1922,415.1
1923,404
1924,413.9
1925,526.7
1926,499.6
1927,988.7
1928,1661
1929,1794.5
1930,1837.5
1931,2170.4
1932,2588.9
1933,2470.8
1934,1642.1
1935,1589.3
1936,2041.7
1937,1306.3
1938,1082.6
1939,834
1940,912
1941,544.4
1942,404.2
1943,416.3
1944,402.7
1945,415.2
1946,402.9
1947,414.6
1948,403.6
1949,536.6
1950,487.7
1951,993
1952,1652.7
1953,1792.6
1954,1836.7
1955,2164.5
1956,2584.4
1957,2468.4
1958,1639.9
1959,1584.9
1960,2036.1
1961,1301.3
1962,1086.2
1963,832.7
1964,910.5
1965,534.2
1966,417
1967,401.6
1968,416
1969,401.8
1970,414.4
1971,402.5
1972,414.4
1973,524.6
1974,498.5
1975,985
1976,1654.4
1977,1787.3
1978,1830.1
1979,2161.1
1980,2577.9
1981,2460.3
1982,1636.5
1983,1583
1984,2031.9
1985,1302.9
1986,1078.7
1987,831.3
1988,908.6
1989,543.8
1990,403.8
1991,414.5
1992,402.8
1993,413.2
1994,403
1995,412.4
1996,403.7
1997,534.3
1998,485.6
1999,659.2
2000,823.2
2001,1069.4
2002,992.5
2003,1162.8
2004,1034.7
2005,991.6
2006,828.6
2007,744.4
2008,783.6
2009,488.5
2010,497
2011,493.4
2012,487.4
2013,576.6
2014,405
2015,413.1
2016,362.7
2017,369.3
2018,363.4
2019,358.9
2020,373.2
2021,481.7
2022,375
2023,360.9
2024,370.5
2025,362.7
2026,368
2027,445.2
2028,451
2029,567.1
2030,454.9
2031,363.3
2032,368.9
2033,363.8
2034,358.4
2035,373.6
2036,360.3
2037,493.8
2038,362.4
2039,370.9
2040,402.6
2041,410.5
2042,403.4
2043,409.7
2044,404.2
2045,532.1
2046,485.8
2047,979
2048,1644.3
2049,1775.9
2050,1818.2
2051,2151.6
2052,2559.9
2053,2444
2054,1624.2
2055,1572.1
2056,2021.6
2057,1292.3
2058,1072.2
2059,826.7
2060,903.7
2061,540.4
2062,401.4
2063,414.2
2064,400.1
2065,413.6
2066,400.3
2067,411.8
2068,401.1
2069,532.5
2070,482.6
2071,982.8
2072,1635.2
2073,1773.8
2074,1816.8
2075,2143.8
2076,2556.3
2077,2439.6
2078,1622.4
2079,1563.9
2080,2020.4
2081,1284.8
2082,1073.9
2083,823.3
2084,903.8
2085,537.2
2086,411.8
2087,403.2
2088,409
2089,403.3
2090,406.9
2091,404.8
2092,398.5
2093,533.4
2094,491.1
2095,976
2096,1632.6
2097,1768.9
2098,1812.5
2099,2135
2100,2550.2
2101,2435.9
2102,1619.2
2103,1561.9
2104,2012.8
2105,1281.1
2106,1077.5
2107,823.3
2108,900.5
2109,530.4
2110,412.5
2111,401.3
2112,410.1
2113,401.5
2114,408.4
2115,402.2
2116,407.5
2117,522.9
2118,491.8
2119,974
2120,1631.6
2121,1764.5
2122,1807.3
2123,2128.6
2124,2544.2
2125,2430.2
2126,1615.6
2127,1560.3
2128,2006.3
2129,1279.2
2130,1074.6
2131,821.7
2132,898.5
2133,528.9
2134,412.4
2135,400.2
2136,410.2
2137,400.2
2138,408.6
2139,401.2
2140,407.7
2141,521.4
2142,491.7
2143,971.8
2144,1628.8
2145,1760.2
2146,1802.3
2147,2123.5
2148,2538.1
2149,2424.4
2150,1611.9
2151,1556.6
2152,2001.6
2153,1275.9
2154,1072.7
2155,820.1
2156,896.7
2157,528.3
2158,412
2159,399.7
2160,410.3
2161,399.9
2162,408
2163,400.7
2164,407.1
2165,520.6
2166,490.7
2167,641.3
2168,810.8
2169,1062.5
2170,980
2171,1137.4
2172,1019.5
2173,977.4
2174,817.6
2175,735.3
2176,773.9
2177,493.3
2178,481.4
2179,490
2180,480.1
2181,570.9
2182,399.5
2183,411.3
2184,358
2185,368.9
2186,358.8
2187,365.8
2188,360.7
2189,485.8
2190,362.9
2191,356
2192,370
2193,357.9
2194,367.4
2195,439
2196,448.2
2197,558.8
2198,452
2199,358.9
2200,367.8
2201,359.7
2202,364.8
2203,361.8
2204,356.5
2205,488.8
2206,358.5
2207,368.7
2208,398.2
2209,407.5
2210,399.1
2211,406.4
2212,400
2213,526.1
2214,480.3
2215,964.9
2216,1618.2
2217,1747.4
2218,1789
2219,2113.7
2220,2516.6
2221,2403.1
2222,1600.8
2223,1548.2
2224,1984.4
2225,1276.2
2226,1057.3
2227,815.3
2228,891.1
2229,532.7
2230,402.4
2231,403.8
2232,402.4
2233,395.4
2234,409.6
2235,396
2236,409.8
2237,514.8
2238,490.9
2239,963
2240,1613.9
2241,1743
2242,1784.7
2243,2102.7
2244,2512.3
2245,2400.3
2246,1596.8
2247,1543.8
2248,1980.1
2249,1265.3
2250,1062.2
2251,813.4
2252,889
2253,524.6
2254,409.8
2255,397.5
2256,407
2257,397.9
2258,405.5
2259,398.6
2260,404.3
2261,517.4
2262,487
2263,961.3
2264,1608.6
2265,1736.7
2266,1781.4
2267,2099.1
2268,2506.2
2269,2391.7
2270,1590.8
2271,1535.5
2272,1979.8
2273,1265.3
2274,1051.5
2275,812.1
2276,887
2277,533.6
2278,397.1
2279,408.3
2280,396.1
2281,407
2282,396.6
2283,405.8
2284,397.2
2285,524
2286,476.9
2287,958.4
2288,1606.3
2289,1734.3
2290,1775.5
2291,2097.9
2292,2496.5
2293,2384.7
2294,1588.9
2295,1536.7
2296,1969.5
2297,1266.6
2298,1050.4
2299,810
2300,885.1
2301,522.5
2302,408.7
2303,394.4
2304,408
2305,394.6
2306,406.8
2307,395.4
2308,405.8
2309,513.3
2310,487.3
2311,956.7
2312,1601.5
2313,1729.9
2314,1771.1
2315,2086.3
2316,2492.8
2317,2380.8
2318,1583.5
2319,1525.7
2320,1970.6
2321,1257.6
2322,1046.5
2323,808.5
2324,883.1
2325,531
2326,395.5
2327,407.7
2328,394.6
2329,405.5
2330,394.7
2331,404.8
2332,395.5
2333,522.4
2334,474.7
2335,642.4
2336,800.2
2337,1037.5
2338,962.8
2339,1124.9
2340,1006.5
2341,962.8
2342,805
2343,723.4
2344,757
2345,486.3
2346,483.7
2347,475.9
2348,484.5
2349,552.4
2350,407.2
2351,394.2
2352,368
2353,355.6
2354,361.6
2355,357.7
2356,352.7
2357,484.5
2358,355
2359,365.4
2360,355.3
2361,363.8
2362,357.1
2363,438.8
2364,438.3
2365,560.3
2366,437
2367,364.6
2368,357.2
2369,352.3
2370,367.4
2371,354.5
2372,364.7
2373,472.7
2374,365.5
2375,356.7
2376,399.6
2377,398.2
2378,391.8
2379,406.1
2380,392.4
2381,521.7
2382,477.1
2383,953.5
2384,1580.9
2385,1716.1
2386,1756.8
2387,2077.6
2388,2468.2
2389,2357.6
2390,1572.5
2391,1520.8
2392,1948.5
2393,1252.1
2394,1042
2395,802.8
2396,877
2397,517.3
2398,407.4
2399,393.2
2400,405
2401,393.4
2402,403.6
2403,394.1
2404,401.9
2405,510.7
2406,482.6
2407,947.7
2408,1582.3
2409,1710.2
2410,1752.5
2411,2066.6
2412,2464.8
2413,2349.8
2414,1564.8
2415,1517.2
2416,1942.8
2417,1251.6
2418,1037.2
2419,801
2420,875
2421,525
2422,397.7
2423,399.4
2424,397.6
2425,390.7
2426,403.9
2427,391.6
2428,403.5
2429,508.1
2430,483.3
2431,945.2
2432,1580.4
2433,1706.7
2434,1747.4
2435,2057.7
2436,2458.2
2437,2345.2
2438,1560.3
2439,1510.4
2440,1938.9
2441,1247.2
2442,1034.2
2443,799.3
2444,872.7
2445,525.1
2446,395.5
2447,400.9
2448,394.9
2449,399.1
2450,395.5
2451,389.8
2452,403.6
2453,508.4
2454,480.9
2455,942.7
2456,1576.2
2457,1701.4
2458,1742.8
2459,2051.7
2460,2451.1
2461,2339.4
2462,1556.3
2463,1504.8
2464,1934.3
2465,1242.9
2466,1031.5
2467,797.4
2468,870.6
2469,523.9
2470,394.6
2471,400.5
2472,394
2473,399.3
2474,394.6
2475,388.8
2476,404
2477,512.4
2478,474.7
2479,940.3
2480,1571.8
2481,1697
2482,1737.4
2483,2045.8
2484,2443.9
2485,2332
2486,1551.6
2487,1501.6
2488,1927.7
2489,1240.7
2490,1028.9
2491,795.4
2492,868.4
2493,522.7
2494,394.9
2495,399
2496,394.2
2497,390.5
2498,401.2
2499,389
2500,403.4
2501,504.1
2502,481.4
2503,631.1
2504,786.6
2505,1020.3
2506,946.8
2507,1098.6
2508,985.8
2509,945.6
2510,792.5
2511,713.7
2512,750.2
2513,480.3
2514,471.3
2515,477.2
2516,469.6
2517,555
2518,392.8
2519,401
2520,353.3
2521,359
2522,354.2
2523,349.4
2524,363
2525,465.2
2526,364.1
2527,352
2528,359.2
2529,354.1
2530,349.4
2531,441
2532,427.4
2533,554.7
2534,438.2
2535,355.8
2536,349.6
2537,362.5
2538,351.8
2539,359.5
2540,353.9
2541,473.5
2542,356.3
2543,349.6
2544,400.9
2545,389.1
2546,399.6
2547,390.1
2548,398.3
2549,504.6
2550,477.3
2551,933.3
2552,1554.8
2553,1680.4
2554,1721.9
2555,2033.4
2556,2417.9
2557,2309.3
2558,1542.1
2559,1491.3
2560,1909.8
2561,1222.4
2562,1029.2
2563,788.6
2564,859
2565,516.4
2566,400.7
2567,391.5
2568,396.6
2569,391.9
2570,386.5
2571,401.1
2572,387.6
2573,513.5
2574,466.8
2575,933.6
2576,1549.9
2577,1677.6
2578,1717.3
2579,2024.1
2580,2411.8
2581,2306.9
2582,1537.1
2583,1479.5
2584,1908.5
2585,1222.3
2586,1017.8
2587,787.8
2588,859.7
2589,519.5
2590,390.7
2591,399.5
2592,389.9
2593,396.2
2594,390.6
2595,394.8
2596,391.8
2597,509.1
2598,468.2
2599,928.1
2600,1549.5
2601,1672.2
2602,1712.1
2603,2015.5
2604,2407
2605,2293.6
2606,1530.1
2607,1483.3
2608,1898
2609,1222.6
2610,1016.7
2611,785.6
2612,857.2
2613,508.9
2614,400.3
2615,388.3
2616,397.6
2617,388.8
2618,395.4
2619,389.9
2620,388.7
2621,508.1
2622,473.1
2623,925.7
2624,1536.5
2625,1667.2
2626,1707
2627,2014.1
2628,2394.6
2629,2292.8
2630,1528.1
2631,1471.8
2632,1896.4
2633,1214.7
2634,1012.2
2635,783.8
2636,855.2
2637,517.4
2638,389.3
2639,397.1
2640,388.7
2641,394.7
2642,389.2
2643,387.6
2644,395.6
2645,503.9
2646,469.2
2647,923.1
2648,1540.2
2649,1662.1
2650,1701.8
2651,2003.2
2652,2390.7
2653,2278.2
2654,1523.5
2655,1474.2
2656,1886.5
2657,1209.6
2658,1017
2659,780.6
2660,849.8
2661,512.2
2662,396.9
2663,389.2
2664,393.5
2665,389.5
2666,384.1
2667,398.1
2668,385.3
2669,509.3
2670,461
2671,622.8
2672,773.6
2673,1000.1
2674,928.8
2675,1079.6
2676,974
2677,929
2678,777.7
2679,692.1
2680,737.9
2681,476.5
2682,461.3
2683,473.5
2684,460.6
2685,548.3
2686,390.8
2687,393.5
2688,347
2689,357.9
2690,348
2691,355.6
2692,350.1
2693,463.9
2694,355.5
2695,346.2
2696,358.5
2697,348.4
2698,355.2
2699,424.7
2700,430.9
2701,537.1
2702,434.2
2703,350.5
2704,353.2
2705,352.3
2706,346.7
2707,357.7
2708,349.1
2709,468.7
2710,351.3
2711,345.8
2712,397
2713,383.6
2714,395.7
2715,384.8
2716,394.3
2717,496.7
2718,471.3
2719,915.3
2720,1522.5
2721,1643.8
2722,1684.5
2723,1990.5
2724,2362.6
2725,2262.9
2726,1509.7
2727,1453.5
2728,1872.3
2729,1201.7
2730,1001
2731,775.6
2732,846.1
2733,512.2
2734,387.7
2735,392
2736,387.6
2737,385.2
2738,393
2739,382.4
2740,395.6
2741,493.9
2742,471.8
2743,913.2
2744,1520.7
2745,1638.1
2746,1678.8
2747,1983.2
2748,2354.8
2749,2254
2750,1505.1
2751,1450.7
2752,1865.8
2753,1196.8
2754,998.1
2755,773.6
2756,843.9
2757,511.2
2758,386.6
2759,392.5
2760,386.5
2761,386.2
2762,390.2
2763,381.5
2764,395.2
2765,492.8
2766,470.9
2767,910.5
2768,1516.1
2769,1633.2
2770,1673.3
2771,1976.6
2772,2346.8
2773,2246.8
2774,1500.4
2775,1445.3
2776,1859.8
2777,1194.1
2778,995.3
2779,771.4
2780,841.5
2781,510.3
2782,386.5
2783,391.1
2784,386.1
2785,380.9
2786,395
2787,381.5
2788,393.8
2789,492.4
2790,469.3
2791,907.9
2792,1509.8
2793,1627.5
2794,1667.9
2795,1970.7
2796,2338.6
2797,2241.2
2798,1495.5
2799,1438
2800,1853.7
2801,1193.7
2802,992.5
2803,769.2
2804,839.2
2805,504.6
2806,390.5
2807,380.4
2808,394.4
2809,381.1
2810,393.7
2811,382.2
2812,391.1
2813,492.6
2814,466.7
2815,905.5
2816,1500.3
2817,1623.6
2818,1664.8
2819,1961.4
2820,2334.7
2821,2233.2
2822,1485.9
2823,1439.4
2824,1844.5
2825,1192.2
2826,990.2
2827,767
2828,836.5
2829,499.1
2830,394.3
2831,382.7
2832,390.3
2833,382.9
2834,389.8
2835,384.5
2836,378.9
2837,502.5
2838,462.6
2839,604.1
2840,759.4
2841,980.1
2842,910.7
2843,1057.8
2844,953.6
2845,911.7
2846,759.5
2847,683.9
2848,724.7
2849,468.7
2850,455.8
2851,465.6
2852,455.2
2853,538.8
2854,382.2
2855,392.7
2856,344.7
2857,352.6
2858,345.9
2859,341.3
2860,356
2861,451.8
2862,357
2863,344.4
2864,350.3
2865,346.9
2866,342
2867,427.5
2868,416.7
2869,537.3
2870,417.2
2871,357
2872,343.4
2873,352.8
2874,345.7
2875,341
2876,356.6
2877,451.6
2878,357
2879,344
2880,389
2881,381.7
2882,385.4
2883,384.6
2884,378.2
2885,499.8
2886,457
2887,897.2
2888,1488.1
2889,1611.2
2890,1648.3
2891,1938.5
2892,2313.9
2893,2202.5
2894,1477
2895,1428.5
2896,1826.6
2897,1172.2
2898,980.4
2899,760.9
2900,830.1
2901,505.4
2902,381.5
2903,389.5
2904,381
2905,387
2906,381.8
2907,378.9
2908,389.9
2909,488.3
2910,462.4
2911,894.7
2912,1487.2
2913,1600.6
2914,1639.8
2915,1937.3
2916,2299.6
2917,2203.7
2918,1467.7
2919,1419.5
2920,1820.1
2921,1177.5
2922,978.6
2923,758.1
2924,826.9
2925,495.4
2926,390.2
2927,380.5
2928,387.2
2929,381
2930,377.5
2931,390.6
2932,377.4
2933,497.2
2934,450.3
2935,893.1
2936,1482
2937,1600.4
2938,1637.2
2939,1925.5
2940,2295.4
2941,2189.9
2942,1467.2
2943,1415.3
2944,1815.4
2945,1167.8
2946,974.8
2947,756.9
2948,824.9
2949,500.8
2950,382.8
2951,379.1
2952,388.1
2953,376.5
2954,389
2955,377.8
2956,388
2957,485.9
2958,461
2959,889.7
2960,1469.9
2961,1593.2
2962,1632.1
2963,1918.4
2964,2290.3
2965,2182.3
2966,1459.7
2967,1415
2968,1808
2969,1160.9
2970,971.5
2971,755.1
2972,823
2973,502.9
2974,378.9
2975,388
2976,378.7
2977,385.6
2978,379.3
2979,383.4
2980,381.2
2981,490.6
2982,454.2
2983,886.8
2984,1472.4
2985,1583.5
2986,1623
2987,1917
2988,2277.6
2989,2178.9
2990,1450.2
2991,1410.7
2992,1801.8
2993,1158.6
2994,975.2
2995,745.9
2996,818.3
2997,502.6
2998,376.1
2999,390
3000,375.8
3001,387.1
3002,376.7
3003,385.5
3004,378.1
3005,491.6
3006,450.6
3007,600
3008,744.3
3009,960.2
3010,892.2
3011,1033.2
3012,928.7
3013,891.6
3014,749.3
3015,675.4
3016,709.1
3017,454.4
3018,457.3
3019,449.5
3020,458.9
3021,519.5
3022,389.4
3023,376.7
3024,349.2
3025,342.2
3026,337.6
3027,351.8
3028,339.8
3029,456
3030,342.4
3031,346.7
3032,343.3
3033,338.7
3034,350.2
3035,411.3
3036,420.7
3037,518.3
3038,423.6
3039,341.7
3040,347.4
3041,342.9
3042,338.2
3043,350.8
3044,340.9
3045,454.5
3046,343.3
3047,338.1
3048,387.5
3049,373.9
3050,385.6
3051,375.3
3052,383.4
3053,481.8
3054,457
3055,878.5
3056,1449.3
3057,1573.4
3058,1610.1
3059,1892.1
3060,2257.5
3061,2149.5
3062,1443.3
3063,1392.1
3064,1783.6
3065,1150.1
3066,959.9
3067,745.6
3068,813.2
3069,487.7
3070,387.2
3071,373.6
3072,386.4
3073,374.3
3074,383.6
3075,376
3076,381.6
3077,482.1
3078,454.7
3079,876
3080,1444.9
3081,1567.9
3082,1604.2
3083,1885.7
3084,2246.4
3085,2144.9
3086,1437.8
3087,1382.3
3088,1778.4
3089,1150.8
3090,957.3
3091,743.2
3092,810.5
3093,486.5
3094,385.9
3095,375.2
3096,383.3
3097,376
3098,376
3099,381.4
3100,372.2
3101,489.5
3102,443.2
3103,873.4
3104,1449.4
3105,1562
3106,1598.1
3107,1879.7
3108,2233.7
3109,2142
3110,1428.6
3111,1382.5
3112,1770.8
3113,1142.3
3114,959.1
3115,739
3116,801.3
3117,497.1
3118,372.7
3119,386.2
3120,372.5
3121,383.7
3122,373.3
3123,381.8
3124,374.8
3125,485.8
3126,445.9
3127,870.5
3128,1443.5
3129,1552.1
3130,1588.8
3131,1876
3132,2230.5
3133,2129.6
3134,1424.7
3135,1382.2
3136,1764.5
3137,1135.2
3138,950.8
3139,740
3140,806
3141,493.3
3142,376.1
3143,380
3144,376.2
3145,370.2
3146,383.8
3147,371.8
3148,381.6
3149,476.6
3150,453.1
3151,868.4
3152,1429.1
3153,1551.9
3154,1587.9
3155,1865.6
3156,2223
3157,2121.2
3158,1423.2
3159,1368.2
3160,1758.4
3161,1140.8
3162,948.5
3163,736.8
3164,802.9
3165,484.4
3166,382.7
3167,373.9
3168,379
3169,375
3170,369.8
3171,383
3172,371.4
3173,484.8
3174,441.8
3175,589.9
3176,729.6
3177,939.1
3178,873.3
3179,1010.3
3180,908.9
3181,872.8
3182,734.2
3183,662.4
3184,692.6
3185,450.4
3186,449.8
3187,443.8
3188,450.1
3189,511.7
3190,382.7
3191,373.1
3192,336.6
3193,345.5
3194,335
3195,345.1
3196,337.7
3197,446.8
3198,340.6
3199,334.1
3200,346
3201,336.7
3202,344.2
3203,407.9
3204,405.6
3205,518.2
3206,415
3207,340.1
3208,334.4
3209,346.7
3210,337
3211,340.6
3212,341.3
3213,437.3
3214,347
3215,335.9
3216,378.3
3217,372
3218,371.6
3219,378
3220,368.5
3221,483.8
3222,438.6
3223,860.3
3224,1424.5
3225,1534.9
3226,1567.4
3227,1848.3
3228,2194.1
3229,2101.1
3230,1402.9
3231,1363.8
3232,1739.6
3233,1120.3
3234,938.9
3235,731.4
3236,796.2
3237,487.3
3238,373.9
3239,375.1
3240,375.1
3241,368.1
3242,380.4
3243,369.7
3244,377.3
3245,473
3246,448.4
3247,857.4
3248,1410.3
3249,1530.3
3250,1565.4
3251,1839.2
3252,2186.1
3253,2095.2
3254,1398
3255,1356.1
3256,1733.5
3257,1115.8
3258,937.8
3259,727.3
3260,794.3
3261,488.2
3262,370.8
3263,378.9
3264,370.8
3265,375.7
3266,372.2
3267,366.7
3268,380.4
3269,469.4
3270,449.8
3271,854.6
3272,1406.2
3273,1523.5
3274,1560.5
3275,1832.5
3276,2181.1
3277,2084.5
3278,1397.6
3279,1346.7
3280,1727.4
3281,1114.9
3282,937.7
3283,718.6
3284,792.1
3285,488.3
3286,368.8
3287,379.6
3288,369
3289,376.7
3290,369.9
3291,369.1
3292,376.2
3293,472
3294,445.1
3295,852.1
3296,1404.2
3297,1515.2
3298,1555
3299,1825.9
3300,2174.5
3301,2075.6
3302,1393.9
3303,1340.9
3304,1721.2
3305,1112.5
3306,935
3307,716.1
3308,788.8
3309,485.2
3310,367.9
3311,379.1
3312,368.3
3313,376.1
3314,369.1
3315,374
3316,370.8
3317,473.9
3318,441.3
3319,849.7
3320,1398.9
3321,1509.9
3322,1549.6
3323,1819.3
3324,2165.9
3325,2068.7
3326,1388
3327,1337.3
3328,1715.1
3329,1106.5
3330,931
3331,717.1
3332,786.9
3333,485.2
3334,368
3335,376.9
3336,368.2
3337,374.4
3338,369.4
3339,364
3340,379.1
3341,465.7
3342,447.3
3343,577.2
3344,706.1
3345,918.8
3346,854
3347,994
3348,891.5
3349,853.4
3350,711
3351,651.2
3352,682.7
3353,438.4
3354,445.1
3355,435.6
3356,443.6
3357,509.5
3358,371.3
3359,364
3360,345.4
3361,331.9
3362,340.4
3363,334.4
3364,329.8
3365,444.8
3366,332.8
3367,341.5
3368,333.7
3369,329.1
3370,344.2
3371,398.2
3372,410.3
3373,499.3
3374,412.9
3375,332.8
3376,340.4
3377,334.5
3378,330
3379,343.3
3380,332.8
3381,440.8
3382,335.5
3383,329.3
3384,377.1
3385,364.5
3386,374.3
3387,366.3
3388,371.8
3389,467.4
3390,441.4
3391,839.3
3392,1383.6
3393,1498
3394,1530.1
3395,1800.8
3396,2138.6
3397,2044.6
3398,1372.9
3399,1329.5
3400,1693.7
3401,1099.1
3402,918.5
3403,715.7
3404,778.8
3405,472.2
3406,375.9
3407,366.8
3408,372.2
3409,367.8
3410,363
3411,375.5
3412,364.7
3413,473.4
3414,432.4
3415,839.2
3416,1384.4
3417,1486.6
3418,1524.9
3419,1793
3420,2137.1
3421,2035.8
3422,1370
3423,1317.8
3424,1690.7
3425,1091.7
3426,918.5
3427,709.7
3428,777.5
3429,480.6
3430,365.7
3431,374
3432,365.9
3433,370.8
3434,367.2
3435,362
3436,375.3
3437,462.1
3438,442.6
3439,836.5
3440,1370.6
3441,1488
3442,1521.8
3443,1786.8
3444,2121
3445,2033
3446,1359.9
3447,1321.8
3448,1683.3
3449,1088.8
3450,912.5
3451,712.1
3452,774.7
3453,468.9
3454,375.9
3455,364.3
3456,371.8
3457,365.6
3458,360.6
3459,375.3
3460,362.4
3461,472.3
3462,429.7
3463,834.1
3464,1375.3
3465,1476.6
3466,1513.2
3467,1780.1
3468,2121.1
3469,2021.2
3470,1360.3
3471,1309
3472,1678.6
3473,1082.8
3474,910.1
3475,710.2
3476,772.7
3477,477.3
3478,365.4
3479,370.9
3480,366.1
3481,360.2
3482,374.6
3483,362
3484,372.1
3485,461.4
3486,439.1
3487,830.9
3488,1361.9
3489,1477.2
3490,1509.6
3491,1773.9
3492,2107
3493,2013.3
3494,1355.6
3495,1307.1
3496,1669.7
3497,1088
3498,907.1
3499,706.8
3500,763.2
3501,476.4
3502,366.7
3503,369.6
3504,361.4
3505,372.2
3506,362.7
3507,369.5
3508,364.1
3509,467.1
3510,431.4
3511,567.4
3512,693.2
3513,899.5
3514,834.4
3515,970.9
3516,870.9
3517,833.7
3518,697.5
3519,638.4
3520,668.9
3521,430
3522,439.7
3523,426.4
3524,439.4
3525,493.5
3526,374.5
3527,360.5
3528,340.2
3529,329.3
3530,327.3
3531,338.4
3532,327.6
3533,434.9
3534,330.5
3535,332.4
3536,333.8
3537,327
3538,337.6
3539,394.4
3540,402
3541,493.2
3542,404.1
3543,331.5
3544,325.9
3545,339.7
3546,328.7
3547,335.3
3548,331.4
3549,423.6
3550,342
3551,328.2
3552,335
3553,330.7
3554,326
3555,339.7
3556,328.7
3557,432.1
3558,331.7
3559,325.6
3560,338.8
3561,328.4
3562,334.3
3563,395.4
3564,391.1
3565,501.9
3566,395.7
3567,338.3
3568,327.2
3569,336.2
3570,330
3571,325.5
3572,339.1
3573,424.6
3574,338.3
3575,329.8
3576,357.1
3577,372.3
3578,358.9
3579,369.7
3580,360.9
3581,464.9
3582,427
3583,821.4
3584,1348.9
3585,1449.8
3586,1490.7
3587,1748.3
3588,2074.5
3589,1990
3590,1330.6
3591,1294.8
3592,1645.8
3593,1069.1
3594,895.4
3595,699.3
3596,760.2
3597,464.3
3598,369.2
3599,362.2
3600,357.4
3601,370.3
3602,358.6
3603,368.4
3604,360.4
3605,463.7
3606,426.6
3607,818.7
3608,1345.4
3609,1443.8
3610,1485.3
3611,1742
3612,2066.8
3613,1981.2
3614,1327.9
3615,1289.9
3616,1637.9
3617,1067.9
3618,892.7
3619,696.5
3620,753
3621,469.1
3622,364.4
3623,365.1
3624,358.1
3625,368.8
3626,359.1
3627,365.8
3628,361.1
3629,461.5
3630,426.9
3631,815.8
3632,1334.9
3633,1445.1
3634,1479.7
3635,1735.9
3636,2059.7
3637,1970.2
3638,1327.2
3639,1279.2
3640,1634.4
3641,1067.1
3642,890.4
3643,687.2
3644,755.8
3645,471.3
3646,358.8
3647,368.6
3648,359.4
3649,365.4
3650,360.6
3651,355.7
3652,369.5
3653,452.4
3654,434.1
3655,813.7
3656,1328.1
3657,1442.2
3658,1471.9
3659,1728.6
3660,2055.6
3661,1961.6
3662,1323.7
3663,1272.8
3664,1631.4
3665,1054.6
3666,886.8
3667,694.4
3668,754.4
3669,467.4
3670,361.3
3671,355.8
3672,369.7
3673,356.2
3674,367.2
3675,358.2
3676,364.5
3677,454.7
3678,429.3
3679,550.1
3680,687.1
3681,878.6
3682,818.4
3683,944
3684,850.9
3685,817.8
3686,690.2
3687,616.5
3688,655.3
3689,434.5
3690,421.7
3691,430.9
3692,422.2
3693,494.5
3694,359.5
3695,365.8
3696,327.9
3697,322.2
3698,334.4
3699,325.3
3700,327.8
3701,424.7
3702,323.9
3703,335.8
3704,325.1
3705,331.2
3706,328
3707,386.2
3708,399.5
3709,482.3
3710,401.4
3711,325.4
3712,332.4
3713,327.2
3714,322.8
3715,335.1
3716,325.8
3717,426.3
3718,328.8
3719,322.7
3720,366.3
3721,356.3
3722,364
3723,358.3
3724,353.4
3725,461.9
3726,418
3727,806.7
3728,1324.6
3729,1419.5
3730,1457.6
3731,1711.6
3732,2031.1
3733,1946.4
3734,1303.1
3735,1268.7
3736,1609
3737,1050.5
3738,879
3739,686.6
3740,739.1
3741,467.5
3742,354.9
3743,367.9
3744,355.5
3745,364.5
3746,356.8
3747,361.4
3748,359.3
3749,447.2
3750,431.4
3751,803.4
3752,1310.7
3753,1422.2
3754,1452
3755,1703.5
3756,2026.6
3757,1933.8
3758,1305.5
3759,1256.3
3760,1608.6
3761,1041.4
3762,876
3763,686.2
3764,745.3
3765,453.5
3766,368.6
3767,354.8
3768,364.4
3769,356.2
3770,359.9
3771,359.3
3772,353.4
3773,458.7
3774,417.8
3775,801.8
3776,1315.1
3777,1407.8
3778,1450.1
3779,1699.4
3780,2015.1
3781,1929.4
3782,1299.5
3783,1252.8
3784,1601.1
3785,1042.4
3786,874.5
3787,678.3
3788,743.7
3789,463.7
3790,356.6
3791,362.3
3792,357.3
3793,351.7
3794,365.6
3795,353.7
3796,362.9
3797,448.4
3798,426.1
3799,796.1
3800,1305.4
3801,1410.7
3802,1436.6
3803,1693.7
3804,2012.2
3805,1924.8
3806,1288.3
3807,1256.4
3808,1593.2
3809,1039.5
3810,870.8
3811,680.8
3812,732.6
3813,464.4
3814,353.1
3815,365.7
3816,353.7
3817,362.3
3818,355.2
3819,357.6
3820,359
3821,444.4
3822,428.7
3823,796.7
3824,1297.4
3825,1407.6
3826,1434.7
3827,1685.7
3828,2007.8
3829,1913.5
3830,1286.5
3831,1250
3832,1591.6
3833,1032.1
3834,868.1
3835,679.7
3836,738.1
3837,453.5
3838,362.8
3839,355.7
3840,351
3841,364.2
3842,352.5
3843,361.5
3844,354.6
3845,452.9
3846,418.1
3847,547.5
3848,664.2
3849,859.7
3850,801.4
3851,923.3
3852,833.4
3853,801.2
3854,678
3855,613.8
3856,640.4
3857,422.9
3858,422.4
3859,418
3860,421.5
3861,480.5
3862,359.1
3863,358.1
3864,321.1
3865,330
3866,323
3867,318.8
3868,332.3
3869,413.1
3870,330.9
3871,323.2
3872,318.8
3873,332.2
3874,321.7
3875,389.9
3876,385.8
3877,483
3878,387.3
3879,319.5
3880,332.7
3881,321.4
3882,327.8
3883,324.6
3884,319.8
3885,422.7
3886,323.3
3887,324.1
3888,357.6
3889,350.1
3890,363.7
3891,352.2
3892,359.2
3893,445.5
3894,421.3
3895,782.5
3896,1293.3
3897,1387.3
3898,1422.5
3899,1670.7
3900,1979.9
3901,1896.9
3902,1277.5
3903,1231.8
3904,1574.8
3905,1023
3906,860.3
3907,674
3908,733
3909,457.6
3910,354.8
3911,348.6
3912,364.2
3913,350.4
3914,360.3
3915,352.3
3916,352.5
3917,449.2
3918,414.7
3919,783.9
3920,1290.3
3921,1380.4
3922,1420.5
3923,1664.9
3924,1973.2
3925,1887.7
3926,1276.2
3927,1226.6
3928,1571
3929,1018.3
3930,857.8
3931,673.2
3932,730.7
3933,449.1
3934,361.4
3935,349.4
3936,361.3
3937,351.2
3938,357.4
3939,353.3
3940,348.6
3941,452.2
3942,411.4
3943,785.9
3944,1285.4
3945,1375.6
3946,1416.6
3947,1659.1
3948,1966.9
3949,1880.4
3950,1272.2
3951,1223.6
3952,1565.6
3953,1015.7
3954,855.4
3955,671
3956,728.4
3957,446.9
3958,361.5
3959,351.4
3960,357.1
3961,353.1
3962,348.2
3963,360.5
3964,350.4
3965,449.3
3966,412.9
3967,783.4
3968,1274.3
3969,1378.2
3970,1411.1
3971,1650.2
3972,1963.9
3973,1874.4
3974,1261.1
3975,1226.8
3976,1559.1
3977,1013.9
3978,852.8
3979,668.1
3980,719.3
3981,455.8
3982,348.6
3983,361.8
3984,349.4
3985,358.2
3986,350.9
3987,348.7
3988,360.8
3989,437.8
3990,422.4
3991,780.7
3992,1268.9
3993,1375.5
3994,1397.8
3995,1648.7
3996,1956.6
3997,1872
3998,1257.4
3999,1220.6
4000,1549.8
4001,1014.3
4002,850.1
4003,663.2
4004,725.3
4005,453.7
4006,352
4007,354.9
4008,353.4
4009,347.5
4010,357.9
4011,349.9
4012,355.3
4013,441.3
4014,413.3
4015,535
4016,661.1
4017,842.6
4018,785.6
4019,904.9
4020,816.4
4021,784.5
4022,655.2
4023,604.2
4024,631.9
4025,411.9
4026,419.6
4027,409.1
4028,419.6
4029,469.2
4030,360.8
4031,349.5
4032,324.1
4033,322
4034,317.1
4035,326.8
4036,320.1
4037,405.5
4038,331.2
4039,317.5
4040,325.5
4041,320.5
4042,316.2
4043,387.9
4044,378.7
4045,477.4
4046,380.3
4047,326.3
4048,320.7
4049,316.3
4050,327.6
4051,319.4
4052,314.9
4053,419.2
4054,318.2
4055,326.8
4056,349.5
4057,344.6
4058,360
4059,346.8
4060,358.7
4061,437.5
4062,416.9
4063,770.3
4064,1261
4065,1357.4
4066,1390.7
4067,1632.7
4068,1934.1
4069,1849.4
4070,1253.2
4071,1204.3
4072,1540.7
4073,1000.6
4074,843.3
4075,662.4
4076,718.8
4077,442.5
4078,358
4079,348.9
4080,352.4
4081,351.9
4082,345.9
4083,356.9
4084,348.1
4085,444.1
4086,409.7
4087,772.3
4088,1252.6
4089,1359.4
4090,1384.5
4091,1623.4
4092,1933.4
4093,1847
4094,1240.2
4095,1207.5
4096,1528.6
4097,1002.6
4098,840
4099,657.3
4100,717.6
4101,450.9
4102,350.1
4103,344
4104,359.6
4105,345.7
4106,355.7
4107,348
4108,348.9
4109,441.8
4110,404.9
4111,771.2
4112,1258.3
4113,1345.4
4114,1385.8
4115,1622.1
4116,1922.1
4117,1838
4118,1240
4119,1202.6
4120,1529.6
4121,996.4
4122,838.6
4123,657.8
4124,706.2
4125,451.9
4126,346
4127,357.2
4128,347.1
4129,353.3
4130,348.8
4131,343.9
4132,357
4133,434
4134,415.9
4135,768
4136,1246.3
4137,1346.8
4138,1375.8
4139,1617.7
4140,1915.6
4141,1831.9
4142,1242
4143,1193.8
4144,1526.3
4145,992.2
4146,836.5
4147,657.6
4148,712.6
4149,441.1
4150,355.2
4151,348.3
4152,343.9
4153,356.8
4154,345.4
4155,353.4
4156,347.8
4157,440.2
4158,408.9
4159,766.5
4160,1241.5
4161,1346.5
4162,1367.8
4163,1612.8
4164,1910.6
4165,1829.2
4166,1234.8
4167,1189.6
4168,1522.1
4169,989.1
4170,834.3
4171,656.3
4172,711.5
4173,438
4174,357.4
4175,345.9
4176,353.1
4177,347.7
4178,343
4179,356.2
4180,345
4181,441
4182,405.9
4183,530.7
4184,642.3
4185,824.1
4186,771.6
4187,887.2
4188,801.6
4189,771.1
4190,653.6
4191,591.4
4192,612.5
4193,417.8
4194,403.6
4195,414.3
4196,404.5
4197,472.4
4198,347.1
4199,351.6
4200,318.5
4201,313.5
4202,323
4203,316.2
4204,312.3
4205,415.4
4206,315.4
4207,323.3
4208,317.3
4209,312.6
4210,325.7
4211,373.7
4212,382
4213,463
4214,383
4215,318.6
4216,313.3
4217,324.5
4218,316.4
4219,312.1
4220,326.7
4221,402.2
4222,324.8
4223,316.9
4224,341.9
4225,355
4226,344.2
4227,351.9
4228,346.1
4229,436.3
4230,408.2
4231,760.7
4232,1231.1
4233,1334.8
4234,1356.2
4235,1598.5
4236,1892.2
4237,1810.6
4238,1227.5
4239,1179.9
4240,1508.5
4241,981.4
4242,827.9
4243,651.3
4244,705.5
4245,438
4246,352.6
4247,346.7
4248,342
4249,354.4
4250,343.8
4251,351
4252,346.2
4253,433.6
4254,409.2
4255,758.9
4256,1227.8
4257,1331
4258,1352.6
4259,1593.9
4260,1886.7
4261,1804.4
4262,1224.6
4263,1177
4264,1503.9
4265,979
4266,825.7
4267,649.2
4268,702
4269,439.8
4270,349.3
4271,348.4
4272,342.4
4273,352.6
4274,344.3
4275,348.5
4276,347.1
4277,427.9
4278,413.5
4279,757
4280,1224.8
4281,1325.5
4282,1350.6
4283,1589.3
4284,1881.3
4285,1799.3
4286,1220.6
4287,1174.4
4288,1499.3
4289,976.8
4290,823.6
4291,647
4292,693.9
4293,446.4
4294,342.4
4295,353.5
4296,343.6
4297,349.5
4298,345.5
4299,340.7
4300,352.9
4301,428.7
4302,411
4303,753.3
4304,1223.7
4305,1316.3
4306,1352.7
4307,1584.4
4308,1876.1
4309,1794.4
4310,1210.6
4311,1177.6
4312,1490.7
4313,978.4
4314,821.4
4315,637.2
4316,702.5
4317,443.6
4318,344.3
4319,349.9
4320,345.5
4321,340.3
4322,352.6
4323,342.6
4324,349.1
4325,430.5
4326,402.7
4327,749.6
4328,1227.1
4329,1311.5
4330,1350.5
4331,1577.4
4332,1873.5
4333,1789.5
4334,1205.3
4335,1174.3
4336,1484.6
4337,972
4338,818.8
4339,646.6
4340,700.2
4341,433.2
4342,353.8
4343,341
4344,351.1
4345,342.9
4346,342.6
4347,349.9
4348,340.7
4349,437.1
4350,400.2
4351,523.7
4352,637.8
4353,807.1
4354,755.7
4355,871.8
4356,788.2
4357,758.4
4358,643.3
4359,582.7
4360,603.6
4361,412.8
4362,399.5
4363,408.8
4364,400.6
4365,465.6
4366,344.6
4367,341.6
4368,321.8
4369,311.6
4370,320.2
4371,314.7
4372,310.5
4373,407.8
4374,314.1
4375,318.3
4376,315.7
4377,311.4
4378,320.5
4379,371.2
4380,371.5
4381,463.2
4382,368.9
4383,325.5
4384,312.3
4385,319
4386,315.5
4387,311.2
4388,320.9
4389,399.4
4390,310.3
4391,324.5
4392,340.6
4393,348.9
4394,342.9
4395,338.1
4396,352.2
4397,425.4
4398,409.1
4399,747.9
4400,1209.6
4401,1303.2
4402,1338
4403,1567.5
4404,1855.7
4405,1774.9
4406,1195.5
4407,1168.3
4408,1471.8
4409,970.6
4410,811.5
4411,637.1
4412,696
4413,438.5
4414,344.4
4415,338.4
4416,323.5
4417,312.2
4418,316.8
4419,316
4420,311.2
4421,405.4
4422,314.3
4423,308.8
4424,324.5
4425,312
4426,317.2
4427,371.9
4428,367.4
4429,464.8
4430,369.2
4431,322.4
4432,313
4433,308.7
4434,323.4
4435,311.9
4436,312.4
4437,403.4
4438,311.1
4439,321.8
4440,340.9
4441,345.3
4442,344.3
4443,338.6
4444,349.5
4445,425.3
4446,406.2
4447,738
4448,1210.6
4449,1294.4
4450,1333.9
4451,1558.1
4452,1847.4
4453,1765.9
4454,1190.5
4455,1157.9
4456,1467.6
4457,959.3
4458,810.8
4459,639.8
4460,692.7
4461,428.6
4462,352
4463,340.2
4464,347.2
4465,342.3
4466,337.6
4467,349.7
4468,340.2
4469,432
4470,398.9
4471,744
4472,1199.6
4473,1300.9
4474,1321
4475,1556.4
4476,1841.3
4477,1761.3
4478,1196.4
4479,1151.2
4480,1467.4
4481,959.3
4482,808.7
4483,629.2
4484,690.4
4485,439.4
4486,340.8
4487,347.1
4488,342.1
4489,336.9
4490,350.1
4491,339.2
4492,346.6
4493,425.5
4494,399.7
4495,737.1
4496,1206.6
4497,1289.1
4498,1327
4499,1546.2
4500,1839.5
4501,1758
4502,1187.9
4503,1147.2
4504,1465.9
4505,955.7
4506,807.4
4507,636.5
4508,688.9
4509,430.1
4510,347.4
4511,342
4512,337.4
4513,349.2
4514,339.5
4515,345.8
4516,341.9
4517,420.6
4518,407.9
4519,507.4
4520,631.2
4521,800.8
4522,747.4
4523,858.6
4524,776.1
4525,746.4
4526,624.1
4527,578.4
4528,603.9
4529,398.1
4530,404.6
4531,395.9
4532,404.4
4533,452.4
4534,348.4
4535,341.1
4536,308.7
4537,320.4
4538,311.1
4539,306.9
4540,322.1
4541,393.4
4542,319.9
4543,312.2
4544,307.9
4545,320.3
4546,311.2
4547,371.6
4548,370.5
4549,448.3
4550,380.4
4551,310.1
4552,318.2
4553,312.4
4554,308.1
4555,320
4556,311.4
4557,400.2
4558,314.9
4559,309.2
4560,346.5
4561,339.9
4562,335.3
4563,349.8
4564,337.7
4565,430.6
4566,395.9
4567,738.6
4568,1188.9
4569,1289.6
4570,1309
4571,1542.2
4572,1824
4573,1744.9
4574,1183.8
4575,1143.1
4576,1451.5
4577,953.5
4578,802.1
4579,623.8
4580,687
4581,435.1
4582,340.6
4583,336.4
4584,349.1
4585,336.8
4586,346.7
4587,339.2
4588,334.7
4589,432.9
4590,392.7
4591,737.7
4592,1192
4593,1281.6
4594,1310.7
4595,1533.9
4596,1820.2
4597,1741.4
4598,1183.9
4599,1138.3
4600,1452.1
4601,948.3
4602,800.8
4603,629.4
4604,677.5
4605,437
4606,338.1
4607,346.4
4608,339.4
4609,334.4
4610,349.6
4611,336.7
4612,345.6
4613,422
4614,401.1
4615,726.6
4616,1194.2
4617,1275.1
4618,1312.8
4619,1528.4
4620,1818.3
4621,1737.6
4622,1177.5
4623,1135.4
4624,1449.6
4625,946.2
4626,799.5
4627,630.6
4628,675.9
4629,435.3
4630,336.1
4631,348.6
4632,337.4
4633,344.1
4634,339.7
4635,334.9
4636,347.8
4637,419.7
4638,403.9
4639,729.6
4640,1187.1
4641,1271.8
4642,1310.8
4643,1528.7
4644,1813.8
4645,1734.1
4646,1171.9
4647,1132.9
4648,1447.1
4649,944.3
4650,798.4
4651,629.8
4652,681.5
4653,427.4
4654,342.9
4655,341.6
4656,335.9
4657,345.9
4658,338.1
4659,333.5
4660,349.1
4661,418.2
4662,403.9
4663,732.3
4664,1180.9
4665,1269.9
4666,1308.1
4667,1528.2
4668,1809.1
4669,1730.4
4670,1168.3
4671,1131.6
4672,1443.4
4673,942.5
4674,796.9
4675,629
4676,680.5
4677,426
4678,344.8
4679,339.5
4680,334.9
4681,346.6
4682,337.1
4683,342.7
4684,339.7
4685,417.1
4686,404.1
4687,500.8
4688,625.1
4689,790.8
4690,738.2
4691,847.3
4692,766.4
4693,736.9
4694,618.3
4695,571.6
4696,596.4
4697,396.2
4698,400.1
4699,394.1
4700,399
4701,449.8
4702,335.2
4703,348.3
4704,308.6
4705,315.4
4706,311.1
4707,306.9
4708,317
4709,392
4710,306.2
4711,320.6
4712,307.9
4713,314.4
4714,311.5
4715,361.9
4716,373.8
4717,446.5
4718,374.3
4719,310.6
4720,305.1
4721,319.9
4722,308.4
4723,306.7
4724,317.7
4725,389.6
4726,318.1
4727,310
4728,332.8
4729,347.1
4730,335.7
4731,343.7
4732,338.1
4733,419.1
4734,400.4
4735,729.4
4736,1174
4737,1267
4738,1296.9
4739,1520.3
4740,1798.5
4741,1720.5
4742,1161.8
4743,1128
4744,1433.3
4745,937.7
4746,793.2
4747,626.4
4748,677.6
4749,424
4750,344.4
4751,338.3
4752,333.8
4753,346.2
4754,336
4755,343.7
4756,338.5
4757,415.4
4758,403.3
4759,728.4
4760,1172.2
4761,1262.6
4762,1297
4763,1517.5
4764,1795.4
4765,1717.6
4766,1160.3
4767,1123
4768,1433.9
4769,936.5
4770,792
4771,625.5
4772,676.5
4773,424.8
4774,341.5
4775,340
4776,334.5
4777,344.3
4778,336.8
4779,332.1
4780,347.3
4781,416
4782,401.4
4783,727
4784,1171
4785,1258.2
4786,1297.2
4787,1512.4
4788,1793
4789,1714.3
4790,1160.7
4791,1121.5
4792,1431.4
4793,935
4794,790.6
4795,624.1
4796,668
4797,432.9
4798,334.2
4799,346.1
4800,335.6
4801,342.2
4802,337.9
4803,333.3
4804,345
4805,417.1
4806,399
4807,719
4808,1176
4809,1256.8
4810,1294.5
4811,1506.1
4812,1790.7
4813,1711.3
4814,1163.1
4815,1120.1
4816,1428.5
4817,934
4818,789.4
4819,619.5
4820,670
4821,432.1
4822,335.8
4823,342.9
4824,337.3
4825,332.3
4826,345.7
4827,334.9
4828,341.9
4829,418.5
4830,396.2
4831,718.7
4832,1175.2
4833,1255.9
4834,1288.7
4835,1505.4
4836,1786.4
4837,1709.3
4838,1163.6
4839,1119.2
4840,1423.5
4841,935.1
4842,788.1
4843,614.1
4844,675.8
4845,430.7
4846,337.7
4847,332
4848,346.5
4849,334.3
4850,342.3
4851,336.9
4852,332.3
4853,426.8
4854,389.3
4855,508.4
4856,616.7
4857,776.1
4858,729.2
4859,839.1
4860,759.6
4861,731.1
4862,620.9
4863,555.3
4864,593.1
4865,398.6
4866,393.1
4867,387.1
4868,401.7
4869,442.1
4870,348.2
4871,334.5
4872,314.2
4873,309.7
4874,305.4
4875,315.3
4876,308.8
4877,385.6
4878,320.3
4879,306.8
4880,313.2
4881,310.2
4882,305.8
4883,369.8
4884,363.2
4885,450.9
4886,365.3
4887,305.1
4888,317.8
4889,307.5
4890,303.3
4891,319.3
4892,306.6
4893,396.2
4894,310.2
4895,304.7
4896,344.2
4897,334.7
4898,339.7
4899,337.8
4900,332.7
4901,425.3
4902,389.4
4903,723.6
4904,1161.2
4905,1259.5
4906,1278.3
4907,1505
4908,1778.9
4909,1702.1
4910,1149.3
4911,1123.3
4912,1412.1
4913,928.5
4914,786.1
4915,621.9
4916,672.3
4917,419.9
4918,344.6
4919,335.3
4920,331.5
4921,345.8
4922,333.2
4923,342.5
4924,335.7
4925,420.9
4926,393.2
4927,722.3
4928,1160.7
4929,1252.2
4930,1282.3
4931,1502.3
4932,1776.9
4933,1699.9
4934,1149.2
4935,1112.2
4936,1419.7
4937,927.8
4938,785
4939,619.9
4940,664.7
4941,428.9
4942,332.6
4943,345.1
4944,334.1
4945,341.1
4946,336.5
4947,331.9
4948,343.8
4949,415
4950,397.4
4951,714.3
4952,1166.8
4953,1247.1
4954,1284.3
4955,1492.7
4956,1775.8
4957,1696.9
4958,1156.1
4959,1112
4960,1416.8
4961,927.5
4962,783.6
4963,610.1
4964,672.4
4965,428.3
4966,336.1
4967,331.4
4968,345.3
4969,332.8
4970,342.1
4971,335.4
4972,330.9
4973,427
4974,387.5
4975,721.9
4976,1159.5
4977,1253.6
4978,1273.4
4979,1499.9
4980,1772.7
4981,1696.1
4982,1146.4
4983,1119
4984,1406.7
4985,926.2
4986,783.4
4987,620.1
4988,670.9
4989,418.3
4990,345.1
4991,334.2
4992,339.3
4993,337
4994,332.2
4995,342.6
4996,334.7
4997,421.8
4998,391.2
4999,720.4
5000,1156.9
5001,1249.7
5002,1276.8
5003,1497.4
5004,1770.9
5005,1694.3
5006,1145.6
5007,1108.7
5008,1415.1
5009,925.1
5010,782.7
5011,618.4
5012,662.3
5013,428.8
5014,332.1
5015,344.4
5016,333.6
5017,339.9
5018,336.2
5019,331.5
5020,343.2
5021,414.4
5022,396.3
5023,496.2
5024,614.7
5025,777.1
5026,725.2
5027,832.7
5028,746.6
5029,724.4
5030,618.5
5031,561.7
5032,578.5
5033,401.3
5034,387.1
5035,397.3
5036,388.4
5037,450.7
5038,335.9
5039,332.1
5040,316.8
5041,305.5
5042,311.7
5043,309.1
5044,304.5
5045,395.6
5046,308.1
5047,302.7
5048,317.6
5049,306.1
5050,311.4
5051,363.1
5052,358.8
5053,451.5
5054,360.9
5055,315.4
5056,307.9
5057,303.7
5058,316
5059,307
5060,302.8
5061,398
5062,306.4
5063,313.5
5064,335.2
5065,330.9
5066,343.6
5067,333.4
5068,339.3
5069,416.3
5070,385.4
5071,719.8
5072,1160
5073,1245
5074,1271.1
5075,1492.2
5076,1766
5077,1689.8
5078,1145.1
5079,1112.9
5080,1401.3
5081,925.8
5082,778.3
5083,618.9
5084,668.9
5085,416.9
5086,345.2
5087,333.1
5088,340.1
5089,335.6
5090,331.1
5091,343
5092,333.7
5093,420.9
5094,390.1
5095,718.6
5096,1153.1
5097,1246.8
5098,1271.7
5099,1492.5
5100,1764.8
5101,1688.5
5102,1141.9
5103,1105.2
5104,1410.4
5105,922.3
5106,780.5
5107,617
5108,659.4
5109,429.5
5110,331.9
5111,343.4
5112,333.5
5113,339.1
5114,336
5115,331.3
5116,342.3
5117,413.9
5118,397.1
5119,708.4
5120,1162.3
5121,1240.1
5122,1275.6
5123,1483.9
5124,1763.5
5125,1687.5
5126,1149.6
5127,1106
5128,1403.7
5129,926.4
5130,776.4
5131,612.1
5132,668.7
5133,422.5
5134,339.3
5135,331.3
5136,341.1
5137,333.7
5138,331.8
5139,342.7
5140,331.9
5141,422.1
5142,388.2
5143,717.9
5144,1151.6
5145,1248.1
5146,1267.5
5147,1491.2
5148,1762.5
5149,1686.3
5150,1140
5151,1106.9
5152,1406
5153,921.3
5154,779.8
5155,616.9
5156,666.4
5157,420.4
5158,333.1
5159,342.6
5160,332
5161,341
5162,334.5
5163,329.9
5164,343.9
5165,412.3
5166,396.6
5167,715.9
5168,1153
5169,1238.2
5170,1275.6
5171,1482.4
5172,1762.4
5173,1684.2
5174,1148.5
5175,1104.5
5176,1405.4
5177,922.6
5178,778.8
5179,607.4
5180,668.4
5181,425.9
5182,335.8
5183,330
5184,344.1
5185,332.4
5186,339.7
5187,335.2
5188,330.7
5189,423.2
5190,386.9
5191,503.7
5192,607.9
5193,768
5194,724.2
5195,829.7
5196,751.2
5197,722.9
5198,614.1
5199,551.6
5200,586.7
5201,387.6
5202,398.2
5203,385.7
5204,397
5205,440.1
5206,343.2
5207,334
5208,302.9
5209,318.8
5210,305.7
5211,309.9
5212,310.2
5213,384.6
5214,315.3
5215,307.1
5216,303.1
5217,315.7
5218,306.4
5219,364.3
5220,363.5
5221,437.8
5222,372.8
5223,305.6
5224,312.5
5225,308.2
5226,304
5227,313.8
5228,307.4
5229,382.9
5230,318.9
5231,305.3
5232,338.8
5233,335.5
5234,330.7
5235,342.3
5236,333.4
5237,419.9
5238,389.7
5239,716.8
5240,1150.2
5241,1242.3
5242,1269.4
5243,1488.3
5244,1759.9
5245,1683.2
5246,1139.5
5247,1102.6
5248,1406.4
5249,920.2
5250,778.7
5251,614.6
5252,657.6
5253,427.1
5254,332.3
5255,341.6
5256,333.8
5257,329.3
5258,344.7
5259,331.8
5260,340.5
5261,414.2
5262,395
5263,708.6
5264,1158.9
5265,1237.8
5266,1269.2
5267,1484.1
5268,1759.4
5269,1683.6
5270,1142.9
5271,1107.3
5272,1397
5273,923.3
5274,774.1
5275,617.4
5276,666.9
5277,415.7
5278,345.1
5279,332.3
5280,339.9
5281,334.9
5282,330.3
5283,342.9
5284,333
5285,420.3
5286,389.2
5287,717
5288,1149.7
5289,1243.4
5290,1267.7
5291,1488
5292,1759.3
5293,1683.3
5294,1138.6
5295,1102.1
5296,1406.1
5297,919.8
5298,778.4
5299,614.8
5300,657
5301,428.9
5302,331.9
5303,342.2
5304,333.5
5305,335.9
5306,338.2
5307,331.4
5308,341.1
5309,413.7
5310,393.9
5311,707.7
5312,1159.2
5313,1237.4
5314,1270.2
5315,1482.8
5316,1759.1
5317,1683.3
5318,1144.1
5319,1106.1
5320,1397.6
5321,923.7
5322,773.4
5323,616.5
5324,667
5325,415.3
5326,345.6
5327,331.9
5328,340.4
5329,334.6
5330,330.1
5331,343.3
5332,332.7
5333,420.7
5334,388.9
5335,716.8
5336,1149.6
5337,1244.6
5338,1266.5
5339,1488.1
5340,1759.3
5341,1683.3
5342,1138.6
5343,1102.1
5344,1406.2
5345,919.8
5346,778.4
5347,615.3
5348,657.1
5349,429.4
5350,331.6
5351,342.7
5352,333.1
5353,338.5
5354,335.8
5355,331.2
5356,342.1
5357,413.7
5358,394.8
5359,495
5360,611.7
5361,773.7
5362,722
5363,825.6
5364,744.9
5365,723.2
5366,615.6
5367,558.2
5368,577.4
5369,398.9
5370,386.8
5371,395
5372,388.2
5373,447.6
5374,336.4
5375,330
5376,316.8
5377,306
5378,301.8
5379,317.6
5380,305.1
5381,393.5
5382,308.8
5383,303.3
5384,315.1
5385,306.6
5386,302.5
5387,370.1
5388,359.1
5389,449.2
5390,361.2
5391,312.7
5392,308.5
5393,304.3
5394,313.3
5395,307.7
5396,303.5
5397,395.5
5398,307.1
5399,308.3
5400,338.1
5401,331.6
5402,340.8
5403,334.3
5404,329.7
5405,424.1
5406,385.9
5407,717.8
5408,1151.4
5409,1245.9
5410,1265.1
5411,1489.8
5412,1760.4
5413,1684.4
5414,1138.1
5415,1112.4
5416,1397.9
5417,920.2
5418,779.1
5419,616.7
5420,666.8
5421,418
5422,341.7
5423,334.6
5424,330.1
5425,343.6
5426,332.7
5427,339.5
5428,335.3
5429,410.5
5430,399.3
5431,716.7
5432,1151.4
5433,1237.5
5434,1275.7
5435,1486
5436,1760.9
5437,1683.5
5438,1144.5
5439,1103.6
5440,1406.7
5441,920.9
5442,778.9
5443,610.6
5444,663.4
5445,427.2
5446,334
5447,339.2
5448,335.6
5449,331
5450,342.3
5451,333.7
5452,333.2
5453,421
5454,385.4
5455,718.4
5456,1154.7
5457,1244.4
5458,1266.1
5459,1490.8
5460,1761.8
5461,1685.8
5462,1139.3
5463,1113.2
5464,1398.5
5465,920.6
5466,779.8
5467,617.2
5468,667.4
5469,417.3
5470,343.2
5471,333.8
5472,329.8
5473,344.9
5474,332
5475,341.1
5476,334.6
5477,419
5478,391.3
5479,717.6
5480,1152.1
5481,1241.4
5482,1274.1
5483,1489.9
5484,1762.2
5485,1685.3
5486,1143
5487,1104.3
5488,1408.3
5489,921.6
5490,779.6
5491,615.6
5492,659.1
5493,428.8
5494,333.1
5495,341
5496,334.7
5497,330.1
5498,344.3
5499,332.7
5500,339.9
5501,415.3
5502,388.6
5503,714.8
5504,1160.6
5505,1241.6
5506,1270.9
5507,1488.8
5508,1763.6
5509,1687.6
5510,1144.7
5511,1110.4
5512,1400
5513,925.2
5514,776.1
5515,618.5
5516,668.1
5517,416.3
5518,345.5
5519,332.6
5520,340.2
5521,335.4
5522,330.9
5523,343.4
5524,333.5
5525,421.1
5526,389.8
5527,502.7
5528,603.9
5529,776.2
5530,725.3
5531,831.1
5532,752.5
5533,723.9
5534,606.2
5535,562.9
5536,586.6
5537,390.3
5538,396
5539,388.4
5540,394.8
5541,442.9
5542,338.6
5543,338.3
5544,305.3
5545,313.4
5546,308.4
5547,304.2
5548,315.9
5549,387.5
5550,304.2
5551,317.9
5552,305.5
5553,312.4
5554,308.9
5555,358
5556,370.2
5557,440.8
5558,370.5
5559,308.2
5560,303.1
5561,316.7
5562,306.5
5563,302.3
5564,317.9
5565,385.7
5566,315.5
5567,307.9
5568,330.4
5569,342.6
5570,333.7
5571,339.6
5572,336.1
5573,412
5574,399.6
5575,718.8
5576,1155.6
5577,1241.8
5578,1280.5
5579,1491.6
5580,1767.8
5581,1690.1
5582,1148
5583,1107.4
5584,1412
5585,924
5586,781.3
5587,613.2
5588,664.2
5589,429.5
5590,334.1
5591,340.9
5592,335.4
5593,331.1
5594,344
5595,333.7
5596,339.9
5597,416.6
5598,386.3
5599,720.5
5600,1162.4
5601,1246.7
5602,1273.8
5603,1494.3
5604,1769.2
5605,1692.8
5606,1148
5607,1113.7
5608,1404.5
5609,928
5610,777.5
5611,620
5612,669.9
5613,416.9
5614,346.3
5615,332.9
5616,341.1
5617,335.6
5618,331.2
5619,344.4
5620,333.7
5621,423.1
5622,390.3
5623,720.4
5624,1157.1
5625,1253.4
5626,1273.7
5627,1497.9
5628,1770.9
5629,1694.4
5630,1145.3
5631,1110.4
5632,1413.7
5633,925.2
5634,783
5635,618.8
5636,668.2
5637,422.3
5638,331.3
5639,345.9
5640,332.8
5641,342
5642,335.5
5643,330.9
5644,344.9
5645,413.8
5646,398
5647,717.6
5648,1161.8
5649,1245.5
5650,1283.4
5651,1492.9
5652,1773.7
5653,1695.1
5654,1153.6
5655,1110.7
5656,1415.6
5657,926.6
5658,783.3
5659,609.9
5660,671.3
5661,428.8
5662,335.3
5663,339.9
5664,336.9
5665,332.4
5666,343.2
5667,335
5668,330.5
5669,426.8
5670,387.1
5671,722.7
5672,1162.9
5673,1253
5674,1276
5675,1500.7
5676,1774.8
5677,1698.2
5678,1150.3
5679,1118
5680,1408.3
5681,930.4
5682,780.5
5683,621.4
5684,671.5
5685,417.8
5686,346.7
5687,333.5
5688,341.3
5689,336.4
5690,331.9
5691,343.2
5692,334.3
5693,423.1
5694,391.1
5695,505.9
5696,606.8
5697,780.8
5698,729.1
5699,836.1
5700,756.6
5701,728
5702,611.6
5703,563
5704,590.1
5705,391.1
5706,397.6
5707,389.2
5708,397.2
5709,444
5710,342.6
5711,336.8
5712,305.3
5713,316.4
5714,308.2
5715,304.3
5716,317.6
5717,388.1
5718,314.9
5719,309.6
5720,305.5
5721,315.1
5722,308.8
5723,358.4
5724,373
5725,441.8
5726,373.4
5727,308
5728,309.9
5729,312.7
5730,306.3
5731,313.6
5732,309.6
5733,386.1
5734,318.2
5735,307.6
5736,333.1
5737,344.2
5738,333.5
5739,341.9
5740,336.3
5741,417.7
5742,396.9
5743,723.9
5744,1163.6
5745,1256.1
5746,1285.1
5747,1506.4
5748,1781.7
5749,1704.6
5750,1152
5751,1114.9
5752,1423.5
5753,930.1
5754,787.1
5755,621.5
5756,670
5757,425.3
5758,332.3
5759,346.5
5760,333.8
5761,342.6
5762,336.6
5763,332
5764,346
5765,415.5
5766,399.3
5767,723.5
5768,1166.7
5769,1253
5770,1291.2
5771,1503.3
5772,1785.1
5773,1706.3
5774,1158.8
5775,1117
5776,1424.7
5777,931.6
5778,787.5
5779,620.4
5780,666.2
5781,431.6
5782,335
5783,343
5784,336.6
5785,332.1
5786,346.2
5787,334.6
5788,342
5789,418.4
5790,393.8
5791,720.6
5792,1175.6
5793,1256
5794,1289.7
5795,1504.8
5796,1786.6
5797,1709.6
5798,1163.9
5799,1119.3
5800,1424.4
5801,934.6
5802,788.1
5803,613.8
5804,675.9
5805,429.8
5806,337.5
5807,331.9
5808,346.7
5809,334.7
5810,343
5811,337.3
5812,332.4
5813,427.8
5814,389.7
5815,727.4
5816,1170
5817,1264.7
5818,1285.4
5819,1513.7
5820,1789.6
5821,1712.2
5822,1160.5
5823,1125.3
5824,1421.4
5825,938.8
5826,785.3
5827,622.2
5828,676.3
5829,422.7
5830,344.9
5831,333.9
5832,344.3
5833,336.6
5834,332.1
5835,347.9
5836,334.6
5837,426.1
5838,391.9
5839,728.1
5840,1169.1
5841,1268.9
5842,1287.7
5843,1516.2
5844,1792.4
5845,1715
5846,1157.3
5847,1131.5
5848,1422.2
5849,935.9
5850,790.2
5851,625.5
5852,676.7
5853,420.8
5854,347.5
5855,335.4
5856,342.3
5857,338.3
5858,333.7
5859,345.9
5860,336.3
5861,425.5
5862,393.4
5863,508.8
5864,611.8
5865,787.4
5866,735.3
5867,843.6
5868,763.2
5869,734.2
5870,619.2
5871,564.3
5872,594.7
5873,392.9
5874,401.2
5875,390.8
5876,401
5877,446.2
5878,345.6
5879,337.6
5880,305.8
5881,318.7
5882,308.9
5883,304.6
5884,319.9
5885,389.7
5886,317.4
5887,310.2
5888,305.9
5889,318.2
5890,309.2
5891,367.3
5892,368.6
5893,443.8
5894,377
5895,308.3
5896,315.5
5897,310.7
5898,306.4
5899,317.2
5900,309.7
5901,390.9
5902,318.5
5903,307.8
5904,314.7
5905,311.2
5906,307
5907,317.1
5908,310.1
5909,387.9
5910,321.3
5911,308.1
5912,314.8
5913,311.4
5914,307.3
5915,372
5916,365.3
5917,454.3
5918,367.3
5919,306.3
5920,319.8
5921,308.6
5922,312.5
5923,313.3
5924,307.8
5925,399.2
5926,311.2
5927,305.7
5928,346.4
5929,336.7
5930,343.4
5931,339.4
5932,334.4
5933,429.5
5934,392.2
5935,732.5
5936,1178.7
5937,1276.4
5938,1296.1
5939,1526.9
5940,1805.4
5941,1727.2
5942,1172.8
5943,1132.2
5944,1436.3
5945,945.6
5946,795.2
5947,619.6
5948,681.5
5949,432
5950,339.7
5951,334
5952,347.7
5953,336.9
5954,344.1
5955,339.2
5956,334.6
5957,430.4
5958,392.4
5959,733.8
5960,1183.5
5961,1276.1
5962,1299.7
5963,1528.6
5964,1808.9
5965,1730.6
5966,1176.9
5967,1132.5
5968,1440.7
5969,945.7
5970,796.4
5971,619.7
5972,682.5
5973,433
5974,339.3
5975,333.4
5976,349.5
5977,336.1
5978,345.7
5979,338.8
5980,334.3
5981,431.5
5982,392.1
5983,734.9
5984,1187.1
5985,1277.5
5986,1304.6
5987,1529
5988,1812.5
5989,1734.1
5990,1179.7
5991,1134.3
5992,1446.2
5993,945.2
5994,798.1
5995,621.5
5996,681.8
5997,434.9
5998,338.6
5999,344.3
6000,340
6001,335.3
6002,347.9
6003,337.9
6004,344.1
6005,423
6006,393.7
6007,734.5
6008,1193.9
6009,1275.8
6010,1311.6
6011,1527.7
6012,1818.8
6013,1738
6014,1180
6015,1135.8
6016,1449.7
6017,946.6
6018,799.6
6019,629.7
6020,674.6
6021,435.9
6022,337.1
6023,347.1
6024,338.4
6025,343.1
6026,342
6027,336.6
6028,346.6
6029,422
6030,403.9
6031,506.1
6032,628.3
6033,796
6034,742.7
6035,853.4
6036,769.9
6037,735.3
6038,632.6
6039,573.8
6040,593.8
6041,405.3
6042,391.4
6043,405.9
6044,392.6
6045,460.7
6046,338.2
6047,347.2
6048,311.3
6049,307.2
6050,321
6051,310.5
6052,308.4
6053,403
6054,309.3
6055,319.1
6056,311.4
6057,307.3
6058,320.8
6059,365.8
6060,374.4
6061,451.5
6062,375
6063,313.6
6064,308.3
6065,318.9
6066,311.6
6067,307.4
6068,320.7
6069,393.7
6070,316.4
6071,313
6072,336
6073,347.4
6074,339.5
6075,337.8
6076,347.6
6077,420.4
6078,407
6079,739
6080,1193
6081,1286
6082,1318.8
6083,1545.2
6084,1828.8
6085,1749.3
6086,1179.7
6087,1151.5
6088,1450.8
6089,951.4
6090,804.6
6091,635
6092,687.5
6093,425.8
6094,351.1
6095,338.6
6096,345.9
6097,341.3
6098,336.6
6099,349.8
6100,339.1
6101,431.2
6102,397.6
6103,741.2
6104,1193.9
6105,1295.8
6106,1315.2
6107,1549.5
6108,1832.9
6109,1753.3
6110,1189.9
6111,1147.5
6112,1459.3
6113,956.7
6114,805.4
6115,625.6
6116,689.7
6117,438.1
6118,340.9
6119,345
6120,342.1
6121,337.8
6122,348.8
6123,340.2
6124,344.9
6125,427
6126,394.1
6127,743.5
6128,1206.2
6129,1289.7
6130,1326.8
6131,1545.1
6132,1840.2
6133,1758.4
6134,1190
6135,1147.6
6136,1466.2
6137,955.8
6138,807.5
6139,636.2
6140,688.8
6141,431.1
6142,345.1
6143,343.9
6144,338.1
6145,348.9
6146,340.9
6147,340.7
6148,347.9
6149,422.6
6150,408.2
6151,743.4
6152,1200.9
6153,1295.1
6154,1327.6
6155,1556.2
6156,1841.9
6157,1761.9
6158,1187.4
6159,1160
6160,1460.1
6161,962.1
6162,806.1
6163,637.9
6164,691.9
6165,431.6
6166,348.3
6167,338
6168,349.1
6169,341
6170,345.9
6171,343.9
6172,338.6
6173,434.7
6174,397.7
6175,745.6
6176,1204.3
6177,1303.4
6178,1326.6
6179,1558
6180,1846.3
6181,1767.3
6182,1199.4
6183,1153.4
6184,1472.8
6185,960.5
6186,810.9
6187,638.2
6188,684.3
6189,440.6
6190,338.9
6191,351.1
6192,340.1
6193,347.6
6194,343.1
6195,338.3
6196,351.1
6197,425.4
6198,407.4
6199,510.8
6200,636.8
6201,807.5
6202,753.4
6203,866
6204,782.6
6205,752.4
6206,630.5
6207,582
6208,607.7
6209,401.5
6210,406.4
6211,399.1
6212,405.7
6213,456.5
6214,348.1
6215,343.9
6216,311
6217,321.4
6218,313.9
6219,309.6
6220,321.3
6221,397.5
6222,319.1
6223,314.8
6224,310.5
6225,321.2
6226,313.7
6227,365.9
6228,381.9
6229,453.1
6230,382.8
6231,312.4
6232,319.6
6233,314.7
6234,310.4
6235,321.6
6236,313.7
6237,397.6
6238,322.4
6239,311.3
6240,348.6
6241,343.4
6242,338.4
6243,352.4
6244,340.9
6245,436.4
6246,400.3
6247,750.6
6248,1211.5
6249,1314.8
6250,1335.7
6251,1571
6252,1860.9
6253,1781.5
6254,1207.8
6255,1161.7
6256,1484.2
6257,967
6258,816.1
6259,642.3
6260,693.1
6261,437.4
6262,339.9
6263,353.6
6264,340.3
6265,350.6
6266,343.3
6267,338.6
6268,354.2
6269,426
6270,411.2
6271,751.4
6272,1215.9
6273,1312.7
6274,1342.7
6275,1576.4
6276,1866.1
6277,1785
6278,1206.3
6279,1170.4
6280,1483.9
6281,973.1
6282,817.8
6283,634.3
6284,699.6
6285,442.1
6286,343.4
6287,348.7
6288,344.6
6289,340.5
6290,352.3
6291,342.7
6292,349.3
6293,430.5
6294,403.5
6295,749.2
6296,1227.3
6297,1312.1
6298,1350.9
6299,1578
6300,1873.8
6301,1790
6302,1205.6
6303,1175.1
6304,1484.6
6305,972.8
6306,818.5
6307,646.8
6308,700.5
6309,433.9
6310,352.8
6311,341
6312,351.7
6313,343.8
6314,347.9
6315,347
6316,341.4
6317,439
6318,401.3
6319,755.9
6320,1224
6321,1321.8
6322,1350.4
6323,1579.5
6324,1880.5
6325,1796.8
6326,1212.5
6327,1170.1
6328,1496.6
6329,973.8
6330,822.1
6331,647.6
6332,701.4
6333,433.9
6334,353.5
6335,343.7
6336,342.6
6337,351.5
6338,341.8
6339,352.8
6340,344.2
6341,437.4
6342,404.3
6343,757.4
6344,1224.3
6345,1328.1
6346,1348.6
6347,1589.9
6348,1881.6
6349,1801.8
6350,1220.3
6351,1173.7
6352,1500.4
6353,976.5
6354,824.1
6355,648.6
6356,702.4
6357,436.6
6358,351.5
6359,345.9
6360,341
6361,354.5
6362,343.7
6363,349.7
6364,346.5
6365,429.4
6366,413.6
6367,523.1
6368,639.5
6369,821
6370,765.9
6371,880.6
6372,795.7
6373,765.3
6374,648
6375,579.9
6376,618.6
6377,411.5
6378,405.9
6379,401.9
6380,413.1
6381,460.3
6382,356.1
6383,342.4
6384,325.8
6385,316.3
6386,312
6387,325.3
6388,315.1
6389,408.7
6390,318.5
6391,312.7
6392,324.3
6393,315.8
6394,311.7
6395,384.4
6396,372.6
6397,470.9
6398,374.3
6399,324.9
6400,316.5
6401,311.9
6402,324.3
6403,315.2
6404,313.4
6405,411.7
6406,314.2
6407,322.8
6408,344.9
6409,343.7
6410,354.4
6411,343.4
6412,353.3
6413,432.6
6414,412.4
6415,758.2
6416,1240.2
6417,1331.3
6418,1368.4
6419,1603.2
6420,1898.8
6421,1816
6422,1228.3
6423,1186.8
6424,1512.5
6425,985
6426,830
6427,651.8
6428,699.5
6429,447.6
6430,344.2
6431,354.8
6432,345.5
6433,352.7
6434,348.3
6435,343.2
6436,356.5
6437,432.7
6438,414.4
6439,763.8
6440,1239.9
6441,1337.3
6442,1370.1
6443,1608.2
6444,1904.5
6445,1821.3
6446,1234.5
6447,1187.8
6448,1517.2
6449,987.4
6450,832.5
6451,653.8
6452,703.8
6453,446.3
6454,343.4
6455,357.4
6456,344.5
6457,354.3
6458,347.3
6459,342.5
6460,357.9
6461,432.3
6462,416.8
6463,766.4
6464,1242.6
6465,1346
6466,1369.3
6467,1613.2
6468,1910.2
6469,1826.9
6470,1238.9
6471,1190.4
6472,1522.3
6473,989.6
6474,834.7
6475,656
6476,711.1
6477,439.9
6478,355
6479,347.7
6480,342.9
6481,358.2
6482,345.7
6483,354.7
6484,347.9
6485,441.3
6486,409.3
6487,768.8
6488,1245.4
6489,1351.1
6490,1373.2
6491,1617.2
6492,1918.8
6493,1835.7
6494,1236.9
6495,1194.3
6496,1526.1
6497,992.1
6498,836.8
6499,658.1
6500,713.6
6501,437.8
6502,359.7
6503,345.4
6504,355.2
6505,348
6506,349.7
6507,353.1
6508,345.6
6509,445.5
6510,406.8
6511,771
6512,1254
6513,1350.5
6514,1385.4
6515,1618.6
6516,1926.9
6517,1838.7
6518,1236.2
6519,1206.7
6520,1524.6
6521,1002
6522,838.8
6523,649.8
6524,716.2
6525,450.2
6526,348.3
6527,354.2
6528,349.1
6529,345.1
6530,358.3
6531,347.3
6532,355
6533,437.9
6534,414.9
6535,527.8
6536,656.3
6537,835.9
6538,779.3
6539,897.3
6540,810.1
6541,778.4
6542,650.2
6543,600.1
6544,627.4
6545,409.7
6546,417.7
6547,406.7
6548,417.5
6549,466.5
6550,357.7
6551,348.3
6552,316.4
6553,328.1
6554,316.9
6555,327.5
6556,320
6557,404.4
6558,329.2
6559,317.3
6560,324.8
6561,320.3
6562,316.1
6563,386.9
6564,378.4
6565,476.3
6566,380.1
6567,325.3
6568,320.7
6569,316.3
6570,326.6
6571,319.3
6572,315.2
6573,418.6
6574,318.4
6575,325.2
6576,349.4
6577,345.7
6578,359.6
6579,347.7
6580,356
6581,439
6582,418.7
6583,770.9
6584,1267.6
6585,1360.9
6586,1396.2
6587,1638.5
6588,1941.1
6589,1856
6590,1257.5
6591,1208.3
6592,1546.1
6593,1003.8
6594,845.9
6595,664.5
6596,720.7
6597,443.1
6598,359.5
6599,349.3
6600,354.8
6601,352
6602,347.1
6603,359.3
6604,349.3
6605,447.3
6606,411.6
6607,779.2
6608,1266
6609,1370.7
6610,1401.6
6611,1639.5
6612,1952.9
6613,1862.7
6614,1251.3
6615,1221.7
6616,1546.4
6617,1011.3
6618,848.3
6619,660.5
6620,718.4
6621,455.4
6622,348.9
6623,358.6
6624,349.9
6625,353.9
6626,354.4
6627,348
6628,361.1
6629,439.5
6630,420.3
6631,780.7
6632,1269.8
6633,1374.9
6634,1399.4
6635,1649.2
6636,1953.9
6637,1872.5
6638,1261.3
6639,1216
6640,1555.4
6641,1009.1
6642,850.8
6643,668.6
6644,725.4
6645,452.4
6646,353.9
6647,347.5
6648,359.4
6649,350
6650,357.5
6651,352.3
6652,347.8
6653,453.4
6654,410
6655,783.9
6656,1281.9
6657,1371.4
6658,1412.6
6659,1654.2
6660,1960.9
6661,1874.7
6662,1268.6
6663,1220.2
6664,1560.9
6665,1012.9
6666,853.2
6667,669.4
6668,726.8
6669,446.3
6670,360.3
6671,351.3
6672,350.3
6673,358.9
6674,349.3
6675,360.4
6676,351.1
6677,450.1
6678,414
6679,785.7
6680,1278.3
6681,1383.6
6682,1416.1
6683,1656.4
6684,1971.2
6685,1881.4
6686,1266.5
6687,1230.1
6688,1565.5
6689,1016.6
6690,855.6
6691,670.5
6692,724.2
6693,453.5
6694,356
6695,356
6696,349.3
6697,361
6698,352.1
6699,358.3
6700,354.2
6701,440.1
6702,425.9
6703,542.3
6704,659.8
6705,852.7
6706,795.4
6707,915.4
6708,826.4
6709,794.4
6710,672
6711,607.6
6712,629.5
6713,427.4
6714,411.7
6715,423.3
6716,412.3
6717,484.3
6718,352.3
6719,361.8
6720,322
6721,317.8
6722,332.7
6723,320.7
6724,327.8
6725,414.8
6726,319.6
6727,332.2
6728,321
6729,329.2
6730,323.9
6731,380.2
6732,393.6
6733,473.6
6734,395.2
6735,321.7
6736,327.9
6737,323.7
6738,319.3
6739,330.5
6740,322.2
6741,417.7
6742,326.9
6743,319.5
6744,331.8
6745,322.8
6746,318.6
6747,332.7
6748,321.6
6749,421.5
6750,324.8
6751,318.5
6752,332.6
6753,321.6
6754,327.7
6755,385.5
6756,381.3
6757,486.9
6758,382.8
6759,334.1
6760,321.3
6761,328.3
6762,324.3
6763,319.9
6764,330.3
6765,414.3
6766,330.6
6767,324.8
6768,350.5
6769,362.9
6770,353.7
6771,359.6
6772,356
6773,445.3
6774,426
6775,794.6
6776,1293.3
6777,1403.8
6778,1432
6779,1680
6780,2000.3
6781,1907.5
6782,1283.8
6783,1245.2
6784,1586.7
6785,1029.2
6786,865.7
6787,678
6788,736.2
6789,452.5
6790,362.4
6791,355.2
6792,350.4
6793,364.8
6794,353.1
6795,362.3
6796,355
6797,453.6
6798,419.1
6799,797
6800,1298.8
6801,1407.1
6802,1439.9
6803,1687.6
6804,2002.9
6805,1914
6806,1293.1
6807,1244.2
6808,1592.6
6809,1031.9
6810,868.3
6811,680.7
6812,738.9
6813,451.2
6814,365.9
6815,353.6
6816,362.6
6817,356.2
6818,351.7
6819,366
6820,353.6
6821,456.7
6822,417.8
6823,799.6
6824,1310.3
6825,1404.6
6826,1445.5
6827,1694
6828,2009
6829,1920.7
6830,1298.3
6831,1247.1
6832,1598.3
6833,1034.7
6834,871
6835,683.3
6836,741.5
6837,461.1
6838,357.8
6839,351.2
6840,366
6841,354
6842,364.3
6843,356
6844,361.3
6845,451
6846,423.8
6847,794.8
6848,1316.7
6849,1412.2
6850,1446.1
6851,1700.2
6852,2017.9
6853,1933
6854,1294.6
6855,1260.6
6856,1597.7
6857,1044.8
6858,873.8
6859,680.7
6860,736.6
6861,465.1
6862,354.2
6863,365.8
6864,354.9
6865,363.6
6866,357.6
6867,352.7
6868,367.7
6869,448
6870,431.1
6871,546
6872,678.4
6873,870.8
6874,811.4
6875,935.2
6876,843.6
6877,810.9
6878,685.4
6879,619.8
6880,641.3
6881,434
6882,416.6
6883,431.1
6884,416.7
6885,492.9
6886,355.1
6887,367.1
6888,323.9
6889,331.9
6890,326.8
6891,322.3
6892,334.5
6893,418.8
6894,333.6
6895,326.7
6896,322.3
6897,334.6
6898,325.1
6899,394.4
6900,390.4
6901,490.1
6902,391.8
6903,322.7
6904,335.8
6905,324.6
6906,331.2
6907,327.6
6908,322.8
6909,428.7
6910,325.7
6911,330.7
6912,358.6
6913,354.7
6914,367.6
6915,356.7
6916,365.1
6917,452.7
6918,430.2
6919,806
6920,1323.5
6921,1431.5
6922,1455.4
6923,1718.8
6924,2045
6925,1950.3
6926,1308.3
6927,1271.9
6928,1620
6929,1049.1
6930,881.7
6931,689.9
6932,749.7
6933,457.3
6934,368.1
6935,357.7
6936,364.7
6937,360.7
6938,355.4
6939,367.8
6940,357.4
6941,462.4
6942,422.5
6943,811.5
6944,1332.5
6945,1428.8
6946,1470.6
6947,1724.1
6948,2045
6949,1959.7
6950,1315.7
6951,1274.6
6952,1621.3
6953,1060
6954,884.6
6955,686.8
6956,747.2
6957,468.7
6958,356.9
6959,368.4
6960,357.6
6961,366.3
6962,360.1
6963,355.2
6964,370.4
6965,452
6966,434.6
6967,813.8
6968,1328.8
6969,1442.4
6970,1474.2
6971,1729
6972,2055
6973,1962.3
6974,1324.5
6975,1272.9
6976,1632
6977,1054.9
6978,888.3
6979,693.7
6980,754.7
6981,468
6982,360.6
6983,364.7
6984,361.4
6985,356.8
6986,369.6
6987,358.8
6988,367.4
6989,455.9
6990,433.2
6991,813.7
6992,1336.9
6993,1446.5
6994,1472.4
6995,1736.7
6996,2068.1
6997,1969.8
6998,1327
6999,1279.5
7000,1637.6
7001,1058.8
7002,890
7003,696.3
7004,756.6
7005,462.1
7006,368.4
7007,357.1
7008,369.6
7009,359.5
7010,368.1
7011,361.5
7012,356.8
7013,467.4
7014,424.4
7015,818.2
7016,1348.1
7017,1447.9
7018,1480.3
7019,1742.8
7020,2074
7021,1979.6
7022,1327.1
7023,1288.4
7024,1643.2
7025,1062.6
7026,892.8
7027,698.2
7028,758.7
7029,460.1
7030,372.4
7031,358.8
7032,368.8
7033,361.3
7034,362.6
7035,366.6
7036,358.5
7037,467.2
7038,424.7
7039,566
7040,694.4
7041,890
7042,828.6
7043,956.6
7044,861.8
7045,828
7046,697.8
7047,622.8
7048,664.4
7049,437.3
7050,426.6
7051,433.8
7052,426.6
7053,498.7
7054,362.8
7055,366.4
7056,330.7
7057,326.3
7058,338
7059,329.1
7060,331.9
7061,429.9
7062,327.2
7063,337.9
7064,328.4
7065,334.1
7066,331.4
7067,391.2
7068,404.3
7069,489.8
7070,406.2
7071,328.6
7072,335.7
7073,330.2
7074,325.8
7075,337.5
7076,328.6
7077,433
7078,331.4
7079,325.3
7080,371.8
7081,360.9
7082,370.4
7083,362.8
7084,367.9
7085,461.5
7086,435.5
7087,819.9
7088,1360.2
7089,1466.7
7090,1493
7091,1762.5
7092,2098.4
7093,1998.8
7094,1346.9
7095,1295.5
7096,1661.3
7097,1072.4
7098,902.4
7099,703.7
7100,766
7101,474
7102,363.6
7103,367.9
7104,364.1
7105,359.7
7106,373.7
7107,361.6
7108,371.8
7109,460.6
7110,438.7
7111,828.6
7112,1357.7
7113,1472.5
7114,1503.7
7115,1768.2
7116,2101.2
7117,2005.5
7118,1352.7
7119,1300.7
7120,1665.6
7121,1085.8
7122,904.5
7123,700.3
7124,763.9
7125,476.7
7126,361.6
7127,373.2
7128,361.8
7129,370.7
7130,364.5
7131,363.2
7132,371.1
7133,459
7134,441.7
7135,831.6
7136,1362.6
7137,1476.8
7138,1511.9
7139,1774.4
7140,2106
7141,2019.7
7142,1350.1
7143,1313.3
7144,1671.7
7145,1082
7146,907.1
7147,707.8
7148,770
7149,467.2
7150,372.9
7151,363.6
7152,370
7153,366.1
7154,361.1
7155,375
7156,362.9
7157,471.9
7158,430.5
7159,834.3
7160,1375.6
7161,1476.2
7162,1514.9
7163,1780.8
7164,2121.1
7165,2022.6
7166,1359.6
7167,1310.5
7168,1679.3
7169,1083.2
7170,909.8
7171,710.9
7172,772.9
7173,476.9
7174,366
7175,371
7176,366.5
7177,361.7
7178,375.8
7179,363.5
7180,373.4
7181,463.6
7182,441.8
7183,836.4
7184,1372
7185,1488.2
7186,1521.7
7187,1787.8
7188,2122.3
7189,2030.8
7190,1363.5
7191,1320.6
7192,1681.9
7193,1092.8
7194,912.9
7195,711.9
7196,774.3
7197,470.7
7198,373.9
7199,366.2
7200,364.6
7201,373.9
7202,363.3
7203,376.5
7204,365
7205,473.5
7206,433
7207,574.5
7208,708.2
7209,910
7210,846.7
7211,978.9
7212,881
7213,846.2
7214,712.3
7215,635.1
7216,677.8
7217,444.8
7218,432.7
7219,441.3
7220,432.6
7221,507.8
7222,366.6
7223,373.6
7224,333.4
7225,328.9
7226,343.7
7227,331.6
7228,339.6
7229,433.4
7230,337.8
7231,336.9
7232,330.9
7233,340.6
7234,333.5
7235,403.7
7236,403.5
7237,506.6
7238,403.6
7239,330.5
7240,343.1
7241,331.8
7242,339
7243,334.5
7244,329.9
7245,442.1
7246,332.8
7247,340.1
7248,366.9
7249,368.6
7250,373.4
7251,364.8
7252,376.6
7253,466.1
7254,445.9
7255,844.6
7256,1385.6
7257,1504.3
7258,1538.7
7259,1807
7260,2145.3
7261,2058.8
7262,1371.9
7263,1336.7
7264,1703.2
7265,1098.2
7266,922
7267,718.7
7268,782
7269,476
7270,374.5
7271,364
7272,377.4
7273,366.4
7274,376.1
7275,368.1
7276,371.1
7277,472.2
7278,443
7279,843
7280,1395.9
7281,1508.7
7282,1542
7283,1814.9
7284,2154.8
7285,2061.8
7286,1381.5
7287,1340.5
7288,1708.1
7289,1103.7
7290,925
7291,720.6
7292,784.2
7293,473
7294,379.1
7295,366.7
7296,375.9
7297,368.9
7298,374.1
7299,370.9
7300,365.8
7301,479.5
7302,434.9
7303,850.1
7304,1405.4
7305,1514
7306,1543.5
7307,1822.2
7308,2165.9
7309,2067.1
7310,1388.9
7311,1343.3
7312,1713.5
7313,1110.2
7314,927.7
7315,722.4
7316,786.5
7317,475
7318,378.7
7319,368.2
7320,375.4
7321,370.6
7322,365.6
7323,380.2
7324,367.2
7325,480.1
7326,436.6
7327,852.9
7328,1410
7329,1518.3
7330,1548.8
7331,1829.2
7332,2174.7
7333,2074.4
7334,1394
7335,1347.8
7336,1719.9
7337,1113.8
7338,930.6
7339,724.6
7340,789
7341,475.9
7342,380
7343,368.9
7344,377.2
7345,371
7346,370.6
7347,377
7348,367.6
7349,481.5
7350,437.2
7351,855.4
7352,1415.1
7353,1524.4
7354,1555
7355,1835.7
7356,2181.3
7357,2083.7
7358,1396.9
7359,1354.4
7360,1727
7361,1114.4
7362,933.9
7363,726.9
7364,791.4
7365,475.7
7366,382.5
7367,368
7368,379
7369,370.2
7370,377.6
7371,371.8
7372,367.2
7373,483.5
7374,441.9
7375,581.8
7376,723.8
7377,930.4
7378,865.5
7379,1000.7
7380,900.6
7381,865
7382,728.3
7383,657.5
7384,689.6
7385,443.8
7386,447.9
7387,439.5
7388,449
7389,507
7390,383.6
7391,370
7392,342.8
7393,338.3
7394,333.6
7395,345.4
7396,336.1
7397,446.8
7398,338.9
7399,332.5
7400,347.2
7401,335.2
7402,343.2
7403,405.8
7404,412.2
7405,510
7406,415.8
7407,338.7
7408,333
7409,347.5
7410,335.5
7411,344.2
7412,338
7413,439.1
7414,346.5
7415,334.5
7416,378.6
7417,372
7418,378.6
7419,373.7
7420,368.2
7421,383.1
7422,472.4
7423,453.5
7424,863.2
7425,1427
7426,1534.1
7427,1577.6
7428,1853
7429,2209.9
7430,2104.5
7431,1414.2
7432,1360.3
7433,1746.8
7434,1132.6
7435,942.7
7436,733
7437,798.2
7438,481.9
7439,381.1
7440,372.6
7441,377
7442,376.2
7443,369.7
7444,383.3
7445,371.3
7446,485.2
7447,441.9
7448,865.8
7449,1434.5
7450,1545.9
7451,1577.8
7452,1862.9
7453,2212
7454,2117.1
7455,1413.2
7456,1373.7
7457,1752.6
7458,1128
7459,945.1
7460,735.7
7461,801.3
7462,490.5
7463,374.4
7464,379.1
7465,375.2
7466,370.1
7467,384.5
7468,371.6
7469,382.5
7470,476.5
7471,454.1
7472,868.7
7473,1429.3
7474,1552.7
7475,1588.6
7476,1866.3
7477,2224.5
7478,2121.3
7479,1423.8
7480,1368.8
7481,1759.8
7482,1140.4
7483,948.7
7484,737.4
7485,803
7486,484
7487,383.3
7488,373.6
7489,380.9
7490,376
7491,370.9
7492,385.1
7493,372.3
7494,487.8
7495,443.6
7496,871.4
7497,1444.5
7498,1556.6
7499,1591
7500,1876.2
7501,2225.9
7502,2135.3
7503,1420.9
7504,1382.3
7505,1764.2
7506,1135.7
7507,954.7
7508,736.6
7509,806.3
7510,494.6
7511,373.5
7512,383.5
7513,374.3
7514,382.3
7515,375.8
7516,380.1
7517,377.5
7518,484.9
7519,449.5
7520,873.8
7521,1446.8
7522,1556.3
7523,1598.7
7524,1880.5
7525,2241.9
7526,2136.3
7527,1432.1
7528,1387.1
7529,1771.5
7530,1139.7
7531,954.2
7532,742.1
7533,808.4
7534,493
7535,377.8
7536,373.4
7537,349.7
7538,338.2
7539,348.1
7540,340.7
7541,337.3
7542,454.7
7543,338.6
7544,350.2
7545,339.3
7546,346.5
7547,341.7
7548,406.8
7549,422.4
7550,518.8
7551,418.6
7552,337.8
7553,352
7554,339
7555,346.9
7556,341.5
7557,336.8
7558,455.3
7559,339.5
7560,348.8
7561,340.8
7562,345.1
7563,343.8
7564,338.6
7565,349
7566,446
7567,349.3
7568,342
7569,337.3
7570,350.9
7571,339.7
7572,418.6
7573,412.4
7574,525.9
7575,413.1
7576,349.2
7577,341.6
7578,337
7579,351.4
7580,339.4
7581,347.8
7582,446.8
7583,348
7584,342.8
7585,373.8
7586,387
7587,375.9
7588,385.2
7589,377.3
7590,490.7
7591,449.5
7592,881.7
7593,1463.6
7594,1577.4
7595,1611.7
7596,1903.8
7597,2258.4
7598,2167.3
7599,1441.6
7600,1399.4
7601,1790
7602,1153.4
7603,969
7604,742.5
7605,812.3
7606,500.2
7607,380.1
7608,383.2
7609,375.1
7610,387.7
7611,376.5
7612,385.9
7613,378
7614,491.9
7615,450.5
7616,884.3
7617,1468.2
7618,1583.7
7619,1617.4
7620,1910.6
7621,2266.5
7622,2174.1
7623,1448.2
7624,1402.1
7625,1795.5
7626,1161
7627,969.1
7628,749.7
7629,813.7
7630,496.4
7631,385.6
7632,379.3
7633,374.8
7634,389.7
7635,376.2
7636,387.9
7637,377.7
7638,493.8
7639,450.4
7640,887
7641,1473.3
7642,1589.9
7643,1625.5
7644,1914.5
7645,2275.9
7646,2179.9
7647,1457.5
7648,1401.9
7649,1802.2
7650,1167.3
7651,969.7
7652,752.3
7653,820
7654,491.4
7655,388.3
7656,378
7657,386.3
7658,380.1
7659,383.8
7660,382.2
7661,376.3
7662,497.3
7663,451.3
7664,890.7
7665,1476.9
7666,1595.1
7667,1632.3
7668,1919.6
7669,2288.2
7670,2183.1
7671,1462.9
7672,1410.5
7673,1809.9
7674,1165.2
7675,972.1
7676,754.8
7677,822.8
7678,499
7679,383.5
7680,375.7
7681,390.2
7682,377.7
7683,390.2
7684,379.1
7685,386.8
7686,487.6
7687,462
7688,892.4
7689,1474.6
7690,1599.9
7691,1637.5
7692,1926.3
7693,2299.1
7694,2191
7695,1464.6
7696,1420.2
7697,1814.9
7698,1164.8
7699,976.6
7700,755.5
7701,825.4
7702,503.8
7703,379
7704,389.5
7705,379.5
7706,388.5
7707,380.9
7708,386.7
7709,382.2
7710,495.6
7711,455.7
7712,606.3
7713,752.3
7714,972.3
7715,903.5
7716,1046.4
7717,940.3
7718,902.7
7719,758
7720,683.1
7721,717.2
7722,458.1
7723,462
7724,452.9
7725,462.4
7726,523.9
7727,393.6
7728,378.7
7729,354.1
7730,344.7
7731,342.7
7732,353.8
7733,342.7
7734,461.9
7735,345.3
7736,351.4
7737,345.9
7738,340.7
7739,355.6
7740,415
7741,428.3
7742,524.3
7743,430.7
7744,343.3
7745,352.4
7746,344.5
7747,344
7748,351.6
7749,342.5
7750,462.1
7751,345.1
7752,350.7
7753,382.3
7754,387.5
7755,384.3
7756,378.6
7757,392.9
7758,488.1
7759,467.3
7760,900.5
7761,1496.5
7762,1611.6
7763,1651.7
7764,1951.5
7765,2316.4
7766,2219.7
7767,1479.3
7768,1427.6
7769,1832.9
7770,1185.7
7771,984.4
7772,762.8
7773,832.2
7774,496.3
7775,393.6
7776,380.7
7777,391.9
7778,382.5
7779,389.2
7780,384
7781,381.2
7782,500.3
7783,463.9
7784,902.4
7785,1495
7786,1621.7
7787,1659.9
7788,1952
7789,2330.8
7790,2221.6
7791,1483.3
7792,1438.9
7793,1839.2
7794,1180.1
7795,993.8
7796,759.7
7797,832.7
7798,509.3
7799,383.6
7800,390.3
7801,380.7
7802,393.9
7803,381.9
7804,392
7805,383.2
7806,501.2
7807,457.5
7808,905.4
7809,1507.9
7810,1626.6
7811,1665
7812,1959
7813,2336.5
7814,2227.8
7815,1491.9
7816,1442.6
7817,1845.6
7818,1183.7
7819,989.5
7820,767.7
7821,837.1
7822,509.1
7823,383.5
7824,391.9
7825,347.3
7826,353.9
7827,349
7828,343.8
7829,356.6
7830,455.6
7831,356.9
7832,346.8
7833,345.5
7834,354.6
7835,344.7
7836,429.2
7837,420.3
7838,540.5
7839,420.8
7840,357.6
7841,345.9
7842,355
7843,348.2
7844,343
7845,357.7
7846,454.8
7847,357.8
7848,346
7849,391.4
7850,385.5
7851,384.9
7852,391.6
7853,381.9
7854,506.2
7855,461.7
7856,911.4
7857,1512
7858,1638.1
7859,1676.1
7860,1971.4
7861,2354.4
7862,2245.4
7863,1495.7
7864,1452.8
7865,1857.3
7866,1196.6
7867,999
7868,770.9
7869,841.6
7870,502.8
7871,394.4
7872,384.8
7873,392
7874,386.7
7875,382.2
7876,396.5
7877,383.1
7878,506
7879,460
7880,617.5
7881,767.9
7882,991.9
7883,921.4
7884,1070.3
7885,965.5
7886,922.4
7887,769.7
7888,689.3
7889,732.4
7890,473.1
7891,459.3
7892,469.7
7893,458.7
7894,544.9
7895,384.5
7896,396.1
7897,347
7898,357.1
7899,348.6
7900,353.8
7901,350.9
7902,456.9
7903,361.5
7904,346.3
7905,357.4
7906,348.5
7907,347.1
7908,430.2
7909,422.4
7910,544
7911,432.8
7912,350.9
7913,344.8
7914,359.1
7915,347.1
7916,355.9
7917,349.4
7918,466.3
7919,351.9
7920,345.3
7921,396.4
7922,385.2
7923,395.6
7924,386.3
7925,394.2
7926,498.6
7927,471.9
7928,918.6
7929,1525.4
7930,1650
7931,1691.3
7932,1997.2
7933,2371.5
7934,2271.7
7935,1514.8
7936,1458.1
7937,1879.1
7938,1205.8
7939,1004.1
7940,777.8
7941,848.7
7942,513.4
7943,388.6
7944,393.1
7945,388.7
7946,386.7
7947,395.3
7948,384.4
7949,398.6
7950,497.1
7951,475
7952,921
7953,1535.6
7954,1656
7955,1695.7
7956,2000.5
7957,2381.3
7958,2274
7959,1519.9
7960,1469.7
7961,1881.5
7962,1204.9
7963,1009.3
7964,777.3
7965,851
7966,515.9
7967,385.8
7968,397.8
7969,386
7970,397.6
7971,387.1
7972,396.2
7973,388.3
7974,508.4
7975,464.3
7976,923.2
7977,1540.4
7978,1663.6
7979,1702.2
7980,2003.4
7981,2392.7
7982,2281.9
7983,1519.2
7984,1475.2
7985,1886.9
7986,1217.6
7987,1010.7
7988,781.5
7989,853.1
7990,506.3
7991,399.5
7992,386.4
7993,397.1
7994,388.2
7995,396.3
7996,389.3
7997,394.1
7998,503.5
7999,474
8000,926
8001,1537.6
8002,1666.7
8003,1707.6
8004,2015.6
8005,2395
8006,2292.4
8007,1529.4
8008,1473.5
8009,1896.8
8010,1214
8011,1012.4
8012,783.8
8013,855.4
8014,517.7
8015,388.8
8016,397.6
8017,389
8018,396.9
8019,390.1
8020,396.4
8021,391.2
8022,509.5
8023,467.9
8024,928.4
8025,1549.9
8026,1672.9
8027,1712.2
8028,2016.5
8029,2407.8
8030,2295.1
8031,1529.6
8032,1483.8
8033,1898.6
8034,1224.3
8035,1016.4
8036,785.6
8037,857.6
8038,508.4
8039,401
8040,387.9
8041,398.2
8042,389.6
8043,397.6
8044,390.7
8045,396.4
8046,504.8
8047,475.5
8048,617.6
8049,782.2
8050,1012
8051,946.9
8052,1091.8
8053,978.9
8054,938.9
8055,786.5
8056,707.9
8057,744.1
8058,472.2
8059,474.9
8060,466.5
8061,475.6
8062,540.8
8063,403.6
8064,387.8
8065,362.3
8066,351.6
8067,358.6
8068,353.7
8069,348.9
8070,477.7
8071,351.3
8072,361.8
8073,351.5
8074,357.9
8075,353.7
8076,432.3
8077,433
8078,550.5
8079,431.9
8080,359.3
8081,354.2
8082,349.3
8083,361.9
8084,351.4
8085,358.9
8086,467
8087,360
8088,354.1
8089,387.7
8090,402
8091,389.4
8092,400.8
8093,390.4
8094,514.7
8095,467.9
8096,935.7
8097,1564
8098,1688
8099,1727.3
8100,2036.2
8101,2428.8
8102,2321.7
8103,1546.5
8104,1488.5
8105,1920.8
8106,1229.2
8107,1023.5
8108,791.6
8109,864.3
8110,521.9
8111,391.6
8112,400.1
8113,391.7
8114,398.8
8115,392.7
8116,397.9
8117,393.8
8118,513.5
8119,471.3
8120,938
8121,1568.1
8122,1692.7
8123,1732.9
8124,2040.2
8125,2437.5
8126,2327.2
8127,1548.2
8128,1495.9
8129,1924
8130,1236.4
8131,1026.4
8132,793.8
8133,866.5
8134,522
8135,393.8
8136,398.7
8137,393.9
8138,398.3
8139,394.9
8140,389.1
8141,403.9
8142,511.7
8143,475.7
8144,940.5
8145,1571.8
8146,1697.6
8147,1738.4
8148,2046.5
8149,2444.6
8150,2332.5
8151,1551.9
8152,1502.5
8153,1928
8154,1241.4
8155,1029.2
8156,795.5
8157,868.6
8158,522.5
8159,395
8160,399
8161,395
8162,391.7
8163,403.3
8164,390.7
8165,403.5
8166,506.6
8167,483
8168,943
8169,1576.6
8170,1702.4
8171,1742.9
8172,2052.4
8173,2451.8
8174,2339.3
8175,1556.4
8176,1506.5
8177,1933.9
8178,1244.4
8179,1031.8
8180,797.5
8181,870.8
8182,524.5
8183,395.1
8184,400.3
8185,394.9
8186,394.4
8187,400.6
8188,390.9
8189,404.6
8190,508.9
8191,482.8
8192,945.3
8193,1581
8194,1706.7
8195,1748.2
8196,2058.2
8197,2459
8198,2347.6
8199,1561.6
8200,1508
8201,1941.8
8202,1245.2
8203,1034.3
8204,799.4
8205,873
8206,526.2
8207,394.8
8208,403
8209,394.5
8210,402
8211,395.4
8212,400
8213,397
8214,517.6
8215,475
8216,637.1
8217,794.8
8218,1030.5
8219,956.4
8220,1109.9
8221,998.9
8222,961.2
8223,796.4
8224,715.1
8225,757.9
8226,486.5
8227,471.4
8228,483.2
8229,471
8230,560.9
8231,403.6
8232,396
8233,352.5
8234,366.9
8235,353.9
8236,364
8237,355.9
8238,479.7
8239,358.3
8240,358.6
8241,360.3
8242,353.4
8243,364.6
8244,432.8
8245,443.2
8246,550
8247,446.9
8248,354.8
8249,364.5
8250,355.5
8251,361.7
8252,357.6
8253,352.7
8254,482.4
8255,355
8256,365.2
8257,394.4
8258,403.7
8259,396
8260,402.6
8261,396.9
8262,520.3
8263,476
8264,952
8265,1594.2
8266,1721.3
8267,1762.2
8268,2077.1
8269,2478.1
8270,2369.2
8271,1576.9
8272,1523.5
8273,1956
8274,1248.6
8275,1049.2
8276,802.2
8277,879.6
8278,525.3
8279,405
8280,396.3
8281,402.8
8282,397.8
8283,394.8
8284,406.2
8285,393.7
8286,524.5
8287,483.1
8288,955.2
8289,1590.5
8290,1725.5
8291,1767.9
8292,2087.9
8293,2484.6
8294,2370.7
8295,1579.8
8296,1529.6
8297,1959.4
8298,1261.3
8299,1045.3
8300,806.7
8301,881.3
8302,528.2
8303,399.8
8304,401.6
8305,399.5
8306,393.5
8307,408.2
8308,394.3
8309,406.5
8310,512.3
8311,488.2
8312,956.8
8313,1602.1
8314,1730.2
8315,1771.5
8316,2086.5
8317,2493.6
8318,2382
8319,1584.9
8320,1527.4
8321,1970.5
8322,1255.4
8323,1048.8
8324,806.5
8325,883.2
8326,533
8327,403.3
8328,400
8329,394.2
8330,408.6
8331,395.1
8332,407.7
8333,395.9
8334,524.9
8335,476.7
8336,963.9
8337,1600.7
8338,1735.4
8339,1776.4
8340,2100.8
8341,2497.2
8342,2383.8
8343,1588.1
8344,1537.4
8345,1969.8
8346,1267.7
8347,1050.2
8348,810.2
8349,885.3
8350,530.2
8351,400.3
8352,404
8353,399.9
8354,401.4
8355,402.6
8356,394.9
8357,409
8358,518.7
8359,485.1
8360,961.1
8361,1610.4
8362,1739.1
8363,1780.6
8364,2097.7
8365,2506.6
8366,2394.7
8367,1593.2
8368,1539.7
8369,1976.2
8370,1261.4
8371,1061.2
8372,811.8
8373,887.5
8374,524.3
8375,408.2
8376,397.5
8377,406.6
8378,398.9
8379,405.7
8380,399.7
8381,400.1
8382,522.7
8383,487.8
8384,636.5
8385,807.7
8386,1051.6
8387,977.4
8388,1130.4
8389,1013.1
8390,971.4
8391,812.7
8392,731
8393,769
8394,484.6
8395,485.8
8396,486
8397,479.8
8398,566.8
8399,399.8
8400,407.7
8401,359.1
8402,366.5
8403,360.3
8404,355
8405,370.4
8406,475.4
8407,372
8408,357.2
8409,368
8410,359.1
8411,360
8412,443.8
8413,443.5
8414,561.8
8415,449.9
8416,360.1
8417,364.8
8418,361
8419,356.2
8420,368.8
8421,358.2
8422,486.3
8423,360.4
8424,366.1
8425,400.4
8426,405.6
8427,401.9
8428,397.5
8429,409.9
8430,525.6
8431,483.1
8432,967.5
8433,1622.4
8434,1752.1
8435,1793.9
8436,2118.4
8437,2522.4
8438,2412.1
8439,1605
8440,1552
8441,1990.2
8442,1279
8443,1060.3
8444,817
8445,893
8446,528.4
8447,408.6
8448,396.1
8449,411.8
8450,397.5
8451,410.9
8452,398.3
8453,410.9
8454,518.1
8455,492.8
8456,969.7
8457,1625.9
8458,1756.3
8459,1798.3
8460,2119.1
8461,2532.1
8462,2419.2
8463,1608.8
8464,1555.4
8465,1995.2
8466,1278.1
8467,1066.1
8468,818.9
8469,895.1
8470,525.6
8471,413.3
8472,397.6
8473,410.9
8474,399
8475,410.3
8476,399.8
8477,410.4
8478,519.9
8479,492.8
8480,971.9
8481,1629.6
8482,1760.5
8483,1802.6
8484,2123.6
8485,2538.9
8486,2425
8487,1612.4
8488,1559
8489,2000.1
8490,1280
8491,1069.2
8492,820.4
8493,896.9
8494,526.7
8495,413.6
8496,398.4
8497,410.9
8498,399.7
8499,410.3
8500,400.4
8501,409.8
8502,520.9
8503,493.4
8504,973.9
8505,1633.3
8506,1764.6
8507,1806.8
8508,2128.6
8509,2545
8510,2430.9
8511,1616.2
8512,1562.6
8513,2004.8
8514,1284.5
8515,1070.1
8516,822
8517,898.7
8518,527.7
8519,414.3
8520,398.3
8521,412.8
8522,399.6
8523,411.4
8524,400.3
8525,410.5
8526,521.1
8527,494.6
8528,975.9
8529,1637.1
8530,1768.6
8531,1810.9
8532,2135
8533,2549.8
8534,2436.6
8535,1619.9
8536,1566.3
8537,2009.2
8538,1290.4
8539,1069.3
8540,823.7
8541,900.4
8542,537.4
8543,405.5
8544,407.6
8545,404.7
8546,398.7
8547,414.1
8548,399.4
8549,413.2
8550,525.6
8551,491.4
8552,654.2
8553,818.5
8554,1064.1
8555,986.7
8556,1146.3
8557,1035.9
8558,988.3
8559,823.7
8560,737.3
8561,773.6
8562,499.4
8563,491.5
8564,484.8
8565,493
8566,563.5
8567,415.9
8568,400.2
8569,373.1
8570,361.1
8571,369.1
8572,363
8573,358.4
8574,493.6
8575,360.6
8576,371.9
8577,360.5
8578,370.2
8579,362.3
8580,449.8
8581,444.9
8582,573.7
8583,444.8
8584,372.4
8585,361.6
8586,368.2
8587,363.5
8588,358.1
8589,373.3
8590,480.6
8591,375.1
8592,360.1
8593,371.7
8594,362.3
8595,368.1
8596,364.6
8597,359.6
8598,494.2
8599,361.8
8600,372.1
8601,361.6
8602,369
8603,363.4
8604,450
8605,446.2
8606,574
8607,446.1
8608,371.9
8609,362.7
8610,368.5
8611,364.6
8612,359.2
8613,372.3
8614,482
8615,373.7
8616,361.1
8617,411.6
8618,403.9
8619,411.5
8620,404.6
8621,410.7
8622,526.5
8623,496
8624,983.8
8625,1651
8626,1784.2
8627,1826.9
8628,2152.8
8629,2574.1
8630,2458.6
8631,1633.9
8632,1579.6
8633,2027
8634,1301.2
8635,1077.8
8636,829.9
8637,907.3
8638,540.9
8639,406.7
8640,409.9
8641,406
8642,410.2
8643,406.7
8644,402.4
8645,414.3
8646,533.2
8647,489.5
8648,985.1
8649,1655
8650,1787.7
8651,1830.3
8652,2165.2
8653,2577.9
8654,2461
8655,1635.2
8656,1581.6
8657,2036.2
8658,1299.2
8659,1078.6
8660,831.5
8661,908.7
8662,545
8663,412.3
8664,406.3
8665,403.7
8666,413.9
8667,402
8668,415
8669,402.7
8670,537.7
8671,495.2
8672,987.8
8673,1653.3
8674,1792.8
8675,1837
8676,2162.9
8677,2584.9
8678,2469
8679,1640.4
8680,1585.9
8681,2035.7
8682,1304.6
8683,1083.5
8684,832.6
8685,910.6
8686,541.2
8687,409.4
8688,410.2
8689,408.1
8690,401.8
8691,416.8
8692,402.5
8693,416.1
8694,531.6
8695,494.3
8696,988.6
8697,1661.6
8698,1794.9
8699,1837.7
8700,2173.4
8701,2589
8702,2471.4
8703,1641.8
8704,1587.7
8705,2045
8706,1303.7
8707,1082.9
8708,834
8709,913.1
8710,545.5
8711,414.1
8712,406.5
8713,409.5
8714,409.9
8715,404.3
8716,415.9
8717,403.1
8718,539.1
8719,496.8
8720,653.2
8721,829.1
8722,1082.2
8723,1004.5
8724,1163.5
8725,1041.9
8726,998.7
8727,834.4
8728,749.9
8729,789.1
8730,502.5
8731,488.2
8732,498.6
8733,486.8
8734,581.3
8735,415.7
8736,406.8
8737,364
8738,372.9
8739,362.3
8740,374
8741,364.1
8742,496.1
8743,366.2
8744,372.6
8745,365.9
8746,360.5
8747,376.3
8748,444
8749,458.9
8750,578.6
8751,451.3
8752,372.8
8753,366.7
8754,361.3
8755,375.3
8756,363
8757,372.9
8758,487.4
8759,374.9
8760,364.9
